DISTRICT,DISTRICT_CODE,STATE,STATE_CODE,GW_Status
AIZAWAL,261,MIZORAM,15,Safe
CHAMPHAI,262,MIZORAM,15,Safe
KOLASIB,263,MIZORAM,15,Safe
LAWNGTLAI,264,MIZORAM,15,Safe
LUNGLEI,265,MIZORAM,15,Safe
MAMIT,266,MIZORAM,15,Safe
SAIHA,267,MIZORAM,15,Safe
SERCHHIP,268,MIZORAM,15,Safe
KHAWZAWL,996,MIZORAM,15,Safe
HNAHTHIAL,994,MIZORAM,15,Safe
THIRUVALLUR,602,TAMIL NADU,33,Critical
CHENNAI,603,TAMIL NADU,33,Over-exploited
KRISHNAGIRI,631,TAMIL NADU,33,Critical
TIRUVANNAMALAI,606,TAMIL NADU,33,Critical
DHARMAPURI,630,TAMIL NADU,33,Critical
SALEM,608,TAMIL NADU,33,Over-exploited
ERODE,610,TAMIL NADU,33,Critical
THE NILGIRIS,611,TAMIL NADU,33,Safe
NAMAKKAL,609,TAMIL NADU,33,Critical
PERAMBALUR,615,TAMIL NADU,33,Safe
COIMBATORE,632,TAMIL NADU,33,Critical
TIRUCHIRAPPALLI,614,TAMIL NADU,33,Safe
ARIYALUR,616,TAMIL NADU,33,Safe
TIRUPPUR,633,TAMIL NADU,33,Safe
THANJAVUR,620,TAMIL NADU,33,Critical
KARUR,613,TAMIL NADU,33,Over-exploited
THIRUVARUR,619,TAMIL NADU,33,Safe
DINDIGUL,612,TAMIL NADU,33,Critical
MADURAI,623,TAMIL NADU,33,Critical
THENI,624,TAMIL NADU,33,Critical
VIRUDHUNAGAR,625,TAMIL NADU,33,Critical
THOOTHUKKUDI,627,TAMIL NADU,33,Safe
KANNIYAKUMARI,629,TAMIL NADU,33,Safe
VILUPPURAM,607,TAMIL NADU,33,Safe
CUDDALORE,617,TAMIL NADU,33,Critical
PUDUKKOTTAI,621,TAMIL NADU,33,Safe
SIVAGANGA,622,TAMIL NADU,33,Safe
RAMANATHAPURAM,626,TAMIL NADU,33,Safe
NAGAPATTINAM,618,TAMIL NADU,33,Over-exploited
KALLAKURICHI,729,TAMIL NADU,33,Safe
TENKASI,0,TAMIL NADU,33,Safe
TIRUNELVELI,628,TAMIL NADU,33,Critical
VELLORE,605,TAMIL NADU,33,Critical
RANIPET,0,TAMIL NADU,33,Safe
TIRUPATHUR,0,TAMIL NADU,33,Safe
KANCHEEPURAM,604,TAMIL NADU,33,Critical
CHENGALPATTU,0,TAMIL NADU,33,Safe
BURHANPUR,467,MADHYA PRADESH,23,Safe
GONDIYA,507,MAHARASHTRA,27,Safe
BHANDARA,506,MAHARASHTRA,27,Safe
JALGAON,499,MAHARASHTRA,27,Over-exploited
MAHASAMUND,411,CHHATTISGARH,22,Safe
WARDHA,504,MAHARASHTRA,27,Safe
BULDANA,500,MAHARASHTRA,27,Safe
VALSAD,491,GUJARAT,24,Safe
AKOLA,501,MAHARASHTRA,27,Safe
BHADRAK,378,ODISHA,21,Safe
DHENKANAL,383,ODISHA,21,Safe
JAJAPUR,382,ODISHA,21,Safe
SUBARNAPUR,392,ODISHA,21,Safe
NUAPADA,394,ODISHA,21,Safe
BALANGIR,393,ODISHA,21,Safe
NASHIK,516,MAHARASHTRA,27,Critical
BAUDH,391,ODISHA,21,Safe
GADCHIROLI,508,MAHARASHTRA,27,Safe
WASHIM,502,MAHARASHTRA,27,Safe
CUTTACK,381,ODISHA,21,Safe
CHANDRAPUR,509,MAHARASHTRA,27,Safe
YAVATMAL,510,MAHARASHTRA,27,Safe
KANDHAMAL,390,ODISHA,21,Safe
JALNA,514,MAHARASHTRA,27,Safe
NAYAGARH,385,ODISHA,21,Safe
UTTAR BASTAR KANKER,413,CHHATTISGARH,22,Safe
KHORDHA,386,ODISHA,21,Safe
KALAHANDI,395,ODISHA,21,Safe
JAGATSINGHAPUR,380,ODISHA,21,Safe
PURI,387,ODISHA,21,Safe
AHMADNAGAR,522,MAHARASHTRA,27,Safe
NABARANGAPUR,397,ODISHA,21,Safe
HINGOLI,512,MAHARASHTRA,27,Safe
RAYAGADA,396,ODISHA,21,Safe
NANDED,511,MAHARASHTRA,27,Safe
NARAYANPUR,415,CHHATTISGARH,22,Safe
PARBHANI,513,MAHARASHTRA,27,Safe
PUNE,521,MAHARASHTRA,27,Critical
BID,523,MAHARASHTRA,27,Safe
MUMBAI,519,MAHARASHTRA,27,Safe
KORAPUT,398,ODISHA,21,Safe
SRIKAKULAM,542,ANDHRA PRADESH,37,safe
VIZIANAGARAM,543,ANDHRA PRADESH,37,safe
LATUR,524,MAHARASHTRA,27,Safe
OSMANABAD,525,MAHARASHTRA,27,Safe
MALKANGIRI,399,ODISHA,21,Safe
SOLAPUR,526,MAHARASHTRA,27,Over-exploited
VISAKHAPATNAM,544,ANDHRA PRADESH,37,safe
BIDAR,558,KARNATAKA,29,Safe
SATARA,527,MAHARASHTRA,27,Safe
RATNAGIRI,528,MAHARASHTRA,27,Safe
KALABURAGI,579,KARNATAKA,29,Safe
SANGLI,531,MAHARASHTRA,27,Over-exploited
KOLHAPUR,530,MAHARASHTRA,27,Safe
KRISHNA,547,ANDHRA PRADESH,37,safe
BELAGAVI,555,KARNATAKA,29,Over-exploited
YADGIR,580,KARNATAKA,29,Safe
BAGALKOTE,556,KARNATAKA,29,Critical
SINDHUDURG,529,MAHARASHTRA,27,Safe
GUNTUR,548,ANDHRA PRADESH,37,safe
EAST GODAVARI,545,ANDHRA PRADESH,37,safe
RAICHUR,559,KARNATAKA,29,Safe
PRAKASAM,549,ANDHRA PRADESH,37,safe
KURNOOL,552,ANDHRA PRADESH,37,safe
KOPPAL,560,KARNATAKA,29,Critical
GADAG,561,KARNATAKA,29,Over-exploited
NORTH GOA,585,GOA,30,Safe
BALLARI,565,KARNATAKA,29,Over-exploited
DHARWAD,562,KARNATAKA,29,Safe
UTTARA KANNADA,563,KARNATAKA,29,Safe
SOUTH GOA,586,GOA,30,Safe
HAVERI,564,KARNATAKA,29,Critical
ANANTAPUR,553,ANDHRA PRADESH,37,Over-exploited
S.P.S. NELLORE,550,ANDHRA PRADESH,37,Safe
CHITRADURGA,566,KARNATAKA,29,Over-exploited
DAVANAGERE,567,KARNATAKA,29,Safe
SHIVAMOGGA,568,KARNATAKA,29,Safe
UDUPI,569,KARNATAKA,29,Safe
CHIKKAMAGALURU,570,KARNATAKA,29,Over-exploited
CHIKKABALLAPURA,582,KARNATAKA,29,Safe
HASSAN,574,KARNATAKA,29,Critical
KOLAR,581,KARNATAKA,29,Over-exploited
BENGALURU RURAL,583,KARNATAKA,29,Over-exploited
DAKSHINA KANNADA,575,KARNATAKA,29,Safe
BENGALURU,572,KARNATAKA,29,Safe
KASARAGOD,588,KERALA,32,Safe
KODAGU,576,KARNATAKA,29,Safe
CHAMARAJANAGARA,578,KARNATAKA,29,Safe
WAYANAD,590,KERALA,32,Safe
KOZHIKODE,591,KERALA,32,Safe
MALAPPURAM,592,KERALA,32,Safe
PALAKKAD,593,KERALA,32,Critical
THRISSUR,594,KERALA,32,Safe
IDUKKI,596,KERALA,32,Safe
ERNAKULAM,595,KERALA,32,Safe
ALAPPUZHA,598,KERALA,32,Safe
KOTTAYAM,597,KERALA,32,Safe
PATHANAMTHITTA,599,KERALA,32,Safe
KOLLAM,600,KERALA,32,Safe
THIRUVANANTHAPURAM,601,KERALA,32,Safe
WEST GODAVARI,546,ANDHRA PRADESH,37,safe
DAKSHIN BASTAR DANTEWADA,416,CHHATTISGARH,22,Safe
BASTAR,414,CHHATTISGARH,22,Safe
KONDAGAON,722,CHHATTISGARH,22,Safe
GARIABAND,720,CHHATTISGARH,22,Safe
RAIPUR,410,CHHATTISGARH,22,Critical
DURG,409,CHHATTISGARH,22,Semi-critical
THANE,517,MAHARASHTRA,27,Safe
ADILABAD,532,TELANGANA,36,Critical
HYDERABAD,536,TELANGANA,36,Over-exploited
JAGITIAL,737,TELANGANA,36,Safe
JANGOAN,752,TELANGANA,36,Safe
MULUGU,780,TELANGANA,36,Safe
JOGULAMBA GADWAL,744,TELANGANA,36,Safe
KAMAREDDY,736,TELANGANA,36,Critical
KARIMNAGAR,534,TELANGANA,36,Critical
KHAMMAM,541,TELANGANA,36,Critical
KUMURAM BHEEM ASIFABAD,733,TELANGANA,36,Safe
MAHABUBABAD,751,TELANGANA,36,Critical
MAHABUBNAGAR,538,TELANGANA,36,Critical
MANCHERIAL,735,TELANGANA,36,Safe
MEDAK,535,TELANGANA,36,Critical
MEDCHAL MALKAJGIRI,742,TELANGANA,36,Safe
NAGARKURNOOL,746,TELANGANA,36,Critical
NALGONDA,539,TELANGANA,36,Over-exploited
NIRMAL,734,TELANGANA,36,Safe
NIZAMABAD,533,TELANGANA,36,Critical
PEDDAPALLI,738,TELANGANA,36,Safe
RAJANNA SIRCILLA,739,TELANGANA,36,Safe
RANGA REDDY,537,TELANGANA,36,Safe
SANGAREDDY,740,TELANGANA,36,Critical
SIDDIPET,741,TELANGANA,36,Critical
SURYAPET,748,TELANGANA,36,Critical
VIKARABAD,743,TELANGANA,36,Safe
WANAPARTHY,745,TELANGANA,36,Critical
WARANGAL RURAL,749,TELANGANA,36,Safe
WARANGAL URBAN,540,TELANGANA,36,Safe
YADADRI BHUVANAGIRI,747,TELANGANA,36,Safe
SOUTH 24 PARGANAS,343,WEST BENGAL,19,Safe
AMRELI,480,GUJARAT,24,Safe
ANUGUL,384,ODISHA,21,Safe
THE DANGS,489,GUJARAT,24,Safe
DHAMTARI,412,CHHATTISGARH,22,Safe
KENDRAPARA,379,ODISHA,21,Safe
DADRA AND NAGAR HAVELI,496,DADRA AND NAGAR HAVELI,26,Safe
PALGHAR,732,MAHARASHTRA,27,Safe
GANJAM,388,ODISHA,21,Safe
GAJAPATI,389,ODISHA,21,Safe
Y.S.R.,551,ANDHRA PRADESH,37,Safe
TUMAKURU,571,KARNATAKA,29,Critical
CHITTOOR,554,ANDHRA PRADESH,37,safe
RAMANAGARA,584,KARNATAKA,29,Critical
MANDYA,573,KARNATAKA,29,Safe
MYSURU,577,KARNATAKA,29,Safe
KANNUR,589,KERALA,32,Safe
PUDUCHERRY,635,PUDUCHERRY,34,Over-exploited
BALOD,719,CHHATTISGARH,22,Critical
BHADRADRI KOTHAGUDEM,753,TELANGANA,36,Safe
VADODARA,486,GUJARAT,24,Safe
MEDINIPUR WEST,344,WEST BENGAL,19,Safe
SEONI,456,MADHYA PRADESH,23,Safe
ALIRAJPUR,465,MADHYA PRADESH,23,Safe
CHHINDWARA,455,MADHYA PRADESH,23,Safe
HARDA,448,MADHYA PRADESH,23,Safe
WEST NIMAR,440,MADHYA PRADESH,23,Safe
MEDINIPUR EAST,345,WEST BENGAL,19,Safe
MAYURBHANJ,376,ODISHA,21,Safe
BHARUCH,488,GUJARAT,24,Safe
SUNDARGARH,374,ODISHA,21,Safe
KABEERDHAM,407,CHHATTISGARH,22,Safe
EAST NIMAR,466,MADHYA PRADESH,23,Safe
PORBANDAR,478,GUJARAT,24,Safe
BALAGHAT,457,MADHYA PRADESH,23,Safe
NARMADA,487,GUJARAT,24,Safe
BARWANI,441,MADHYA PRADESH,23,Over-exploited
JANJGIR CHAMPA,405,CHHATTISGARH,22,Safe
NANDURBAR,497,MAHARASHTRA,27,Safe
KENDUJHAR,375,ODISHA,21,Safe
BALESHWAR,377,ODISHA,21,Safe
JHARSUGUDA,371,ODISHA,21,Safe
BAMETARA,718,CHHATTISGARH,22,Safe
RAJNANDGAON,408,CHHATTISGARH,22,Safe
AMRAVATI,503,MAHARASHTRA,27,Over-exploited
SURAT,492,GUJARAT,24,Safe
DHULE,498,MAHARASHTRA,27,Safe
TAPI,493,GUJARAT,24,Safe
BARGARH,370,ODISHA,21,Safe
NAGPUR,505,MAHARASHTRA,27,Safe
BALODA BAZAR,721,CHHATTISGARH,22,Safe
MUNGELI,717,CHHATTISGARH,22,Safe
BOTAD,726,GUJARAT,24,Safe
CHOTA UDAIPUR,731,GUJARAT,24,Safe
GIR SOMNATH,729,GUJARAT,24,Safe
JHARGRAM,776,WEST BENGAL,19,Safe
RAJKOT,476,GUJARAT,24,Safe
BHAVNAGAR,481,GUJARAT,24,Safe
BETUL,447,MADHYA PRADESH,23,Safe
JUNAGADH,479,GUJARAT,24,Safe
DEBAGARH,373,ODISHA,21,Safe
JAMNAGAR,477,GUJARAT,24,Safe
DEVBHUMI DWARKA,728,GUJARAT,24,Safe
AURANGABAD,515,MAHARASHTRA,27,Safe
VIJAYAPURA,557,KARNATAKA,29,Critical
BIJAPUR,417,CHHATTISGARH,22,Safe
RAIGARH,520,MAHARASHTRA,27,Safe
RAIGARH,403,CHHATTISGARH,22,Safe
BILASPUR,406,CHHATTISGARH,22,Safe
KARAIKAL,637,PUDUCHERRY,34,Safe
MAHE,636,PUDUCHERRY,34,Safe
YANAM,634,PUDUCHERRY,34,Saline
SAMBALPUR,372,ODISHA,21,Safe
NAVSARI,490,GUJARAT,24,Safe
LAKSHADWEEP,587,LAKSHADWEEP,31,Safe
DAMAN,495,DAMAN AND DIU,25,Safe
DIU,494,DAMAN AND DIU,25,Critical
MUMBAI SUBURBAN,518,MAHARASHTRA,27,Safe
JAYASHANKAR,750,TELANGANA,36,Safe
NARAYANPET,781,TELANGANA,36,Safe
SUKMA,723,CHHATTISGARH,22,Safe
UPPER SUBANSIRI,249,ARUNACHAL PRADESH,12,Safe
ANJAW,260,ARUNACHAL PRADESH,12,Safe
TINSUKIA,309,ASSAM,18,Safe
DHEMAJI,308,ASSAM,18,Safe
CHANGLANG,253,ARUNACHAL PRADESH,12,Safe
DIBRUGARH,310,ASSAM,18,Safe
TAWANG,245,ARUNACHAL PRADESH,12,Safe
PAPUM PARE,248,ARUNACHAL PRADESH,12,Safe
LAKHIMPUR,307,ASSAM,18,Safe
TIRAP,254,ARUNACHAL PRADESH,12,Safe
SIVASAGAR,311,ASSAM,18,Safe
JORHAT,312,ASSAM,18,Safe
MON,261,NAGALAND,13,Safe
SONITPUR,306,ASSAM,18,Safe
GOLAGHAT,313,ASSAM,18,Safe
LONGLENG,268,NAGALAND,13,Safe
MOKOKCHUNG,262,NAGALAND,13,Safe
UDALGURI,326,ASSAM,18,Safe
CHIRANG,320,ASSAM,18,Safe
BAKSA,324,ASSAM,18,Safe
NAGAON,305,ASSAM,18,Safe
KOKRAJHAR,300,ASSAM,18,Safe
DARRANG,325,ASSAM,18,Safe
TUENSANG,267,NAGALAND,13,Safe
BARPETA,303,ASSAM,18,Safe
NALBARI,323,ASSAM,18,Safe
MORIGAON,304,ASSAM,18,Safe
KAMRUP,321,ASSAM,18,Safe
BONGAIGAON,319,ASSAM,18,Safe
DHUBRI,301,ASSAM,18,Safe
KAMRUP METROPOLITAN,322,ASSAM,18,Safe
KIPHIRE,269,NAGALAND,13,Safe
GOALPARA,302,ASSAM,18,Safe
RIBHOI,297,MEGHALAYA,17,Safe
DIMA HASAO,315,ASSAM,18,Safe
KAMJONG,770,MANIPUR,14,Safe
WEST KHASI HILLS,296,MEGHALAYA,17,Safe
PEREN,271,NAGALAND,13,Safe
SENAPATI,272,MANIPUR,14,Safe
EAST JAINTIA HILLS,714,MEGHALAYA,17,Safe
EAST KHASI HILLS,298,MEGHALAYA,17,Safe
TAMENGLONG,273,MANIPUR,14,Safe
SOUTH GARO HILLS,295,MEGHALAYA,17,Safe
CACHAR,316,ASSAM,18,Safe
IMPHAL WEST,277,MANIPUR,14,Safe
KARIMGANJ,317,ASSAM,18,Safe
HAILAKANDI,318,ASSAM,18,Safe
KAKCHING,768,MANIPUR,14,Safe
BISHNUPUR,275,MANIPUR,14,Safe
CHANDEL,280,MANIPUR,14,Safe
CHURACHANDPUR,274,MANIPUR,14,Safe
NORTH TRIPURA,292,TRIPURA,16,Safe
DHALAI,291,TRIPURA,16,Safe
SIPAHIJALA,707,TRIPURA,16,Safe
GOMATI,709,TRIPURA,16,Safe
WOKHA,264,NAGALAND,13,Safe
ZUNHEBOTO,263,NAGALAND,13,Safe
PHEK,266,NAGALAND,13,Safe
WEST GARO HILLS,293,MEGHALAYA,17,Safe
EAST GARO HILLS,294,MEGHALAYA,17,Safe
KOHIMA,270,NAGALAND,13,Safe
DIMAPUR,265,NAGALAND,13,Safe
EAST SIANG,251,ARUNACHAL PRADESH,12,Safe
LOHIT,259,ARUNACHAL PRADESH,12,Safe
KURUNG KUMEY,256,ARUNACHAL PRADESH,12,Safe
LOWER SUBANSIRI,255,ARUNACHAL PRADESH,12,Safe
EAST KAMENG,247,ARUNACHAL PRADESH,12,Safe
WEST KAMENG,246,ARUNACHAL PRADESH,12,Safe
WEST JAINTIA HILLS,299,MEGHALAYA,17,Safe
SOUTH WEST KHASI HILLS,713,MEGHALAYA,17,Safe
NORTH GARO HILLS,712,MEGHALAYA,17,Safe
SOUTH WEST GARO HILLS,711,MEGHALAYA,17,Safe
KHOWAI,708,TRIPURA,16,Safe
WEST TRIPURA,289,TRIPURA,16,Safe
SOUTH TRIPURA,290,TRIPURA,16,Safe
UNOKOTI,710,TRIPURA,16,Safe
CHARAIDEO,755,ASSAM,18,Safe
MAJULI,760,ASSAM,18,Safe
BISWANATH,756,ASSAM,18,Safe
HOJAI,757,ASSAM,18,Safe
SOUTH SALMARA MANCACHAR,758,ASSAM,18,Safe
KARBI ANGLONG,314,ASSAM,18,Safe
WEST KARBI ANGLONG,759,ASSAM,18,Safe
KRA DAADI,763,ARUNACHAL PRADESH,12,Safe
NAMSAI,762,ARUNACHAL PRADESH,12,Safe
LONGDING,761,ARUNACHAL PRADESH,12,Safe
IMPHAL EAST,278,MANIPUR,14,Safe
JIRIBAM,766,MANIPUR,14,Safe
KANGPOKPI,767,MANIPUR,14,Safe
THOUBAL,276,MANIPUR,14,Safe
TENGNOUPAL,769,MANIPUR,14,Safe
UKHRUL,279,MANIPUR,14,Safe
NONEY,771,MANIPUR,14,Safe
PHERZAWL,772,MANIPUR,14,Safe
UPPER SIANG,252,ARUNACHAL PRADESH,12,Safe
LOWER SIANG,779,ARUNACHAL PRADESH,12,Safe
UPPER DIBANG VALLEY,257,ARUNACHAL PRADESH,12,Safe
LOWER DIBANG VALLEY,258,ARUNACHAL PRADESH,12,Safe
SIANG,764,ARUNACHAL PRADESH,12,Safe
SHI YOMI,785,ARUNACHAL PRADESH,12,Safe
PAKKE KESSANG,783,ARUNACHAL PRADESH,12,Safe
WEST SIANG,250,ARUNACHAL PRADESH,12,Safe
LEPA RADA,784,ARUNACHAL PRADESH,12,Safe
KAMLE,778,ARUNACHAL PRADESH,12,Safe
NORTH AND MIDDLE ANDAMAN,639,ANDAMAN AND NICOBAR,35,Safe
SOUTH ANDAMAN,640,ANDAMAN AND NICOBAR,35,Safe
NICOBARS,638,ANDAMAN AND NICOBAR,35,Safe
AMROHA,137,UTTAR PRADESH,09,Over-exploited
CHURU,102,RAJASTHAN,08,Over-exploited
HAPUR,705,UTTAR PRADESH,09,Over-exploited
NORTH DELHI,091,DELHI,07,Semi-critical
JHAJJAR,083,HARYANA,06,Safe
BAREILLY,150,UTTAR PRADESH,09,Over-exploited
PILIBHIT,151,UTTAR PRADESH,09,Safe
NORTH EAST DELHI,092,DELHI,07,Over-exploited
WEST DELHI,096,DELHI,07,Critical
BULANDSHAHR,142,UTTAR PRADESH,09,Safe
EAST DELHI,093,DELHI,07,Critical
SOUTH WEST DELHI,097,DELHI,07,Over-exploited
CENTRAL DELHI,095,DELHI,07,Over-exploited
GAUTAM BUDDHA NAGAR,141,UTTAR PRADESH,09,Safe
NEW DELHI,094,DELHI,07,Over-exploited
KHERI,153,UTTAR PRADESH,09,Safe
SOUTH DELHI,098,DELHI,07,Over-exploited
JHUNJHUNU,103,RAJASTHAN,08,Safe
GURUGRAM,086,HARYANA,06,Over-exploited
FARIDABAD,088,HARYANA,06,Over-exploited
MAHENDRAGARH,084,HARYANA,06,Over-exploited
REWARI,085,HARYANA,06,Over-exploited
BUDAUN,149,UTTAR PRADESH,09,Critical
JAISALMER,114,RAJASTHAN,08,Over-exploited
BAHRAICH,180,UTTAR PRADESH,09,Safe
NUH,087,HARYANA,06,Safe
SHAHJAHANPUR,152,UTTAR PRADESH,09,Safe
SIKAR,111,RAJASTHAN,08,Over-exploited
PALWAL,089,HARYANA,06,Over-exploited
ALWAR,104,RAJASTHAN,08,Over-exploited
NORTH  DISTRICT,241,SIKKIM,11,Safe
ALIGARH,143,UTTAR PRADESH,09,Critical
KASGANJ,202,UTTAR PRADESH,09,Critical
MATHURA,145,UTTAR PRADESH,09,Over-exploited
JAIPUR,110,RAJASTHAN,08,Critical
SHRAWASTI,181,UTTAR PRADESH,09,Safe
JODHPUR,113,RAJASTHAN,08,Over-exploited
SITAPUR,154,UTTAR PRADESH,09,Safe
BHARATPUR,105,RAJASTHAN,08,Critical
HATHRAS,144,UTTAR PRADESH,09,Critical
NAGAUR,112,RAJASTHAN,08,Critical
ETAH,201,UTTAR PRADESH,09,Critical
HARDOI,155,UTTAR PRADESH,09,Safe
FARRUKHABAD,159,UTTAR PRADESH,09,Safe
WEST DISTRICT,242,SIKKIM,11,Safe
SOUTH DISTRICT,243,SIKKIM,11,Safe
EAST DISTRICT,244,SIKKIM,11,Safe
FIROZABAD,147,UTTAR PRADESH,09,Critical
WEST CHAMPARAN,203,BIHAR,10,Safe
SIDDHARTHNAGAR,184,UTTAR PRADESH,09,Safe
MAINPURI,148,UTTAR PRADESH,09,Over-exploited
MAHRAJGANJ,187,UTTAR PRADESH,09,Safe
AGRA,146,UTTAR PRADESH,09,Critical
GONDA,183,UTTAR PRADESH,09,Safe
BARA BANKI,176,UTTAR PRADESH,09,Safe
DARJEELING,327,WEST BENGAL,19,Safe
DAUSA,109,RAJASTHAN,08,Over-exploited
KUSHINAGAR,189,UTTAR PRADESH,09,Safe
KANNAUJ,160,UTTAR PRADESH,09,Over-exploited
LUCKNOW,157,UTTAR PRADESH,09,Over-exploited
JALPAIGURI,328,WEST BENGAL,19,Safe
BASTI,185,UTTAR PRADESH,09,Safe
GORAKHPUR,188,UTTAR PRADESH,09,Safe
SANT KABIR NAGAR,186,UTTAR PRADESH,09,Safe
KARAULI,107,RAJASTHAN,08,Over-exploited
EAST CHAMPARAN,204,BIHAR,10,Safe
UNNAO,156,UTTAR PRADESH,09,Safe
ETAWAH,161,UTTAR PRADESH,09,Safe
DHAULPUR,106,RAJASTHAN,08,Over-exploited
KANPUR NAGAR,164,UTTAR PRADESH,09,Critical
AURAIYA,162,UTTAR PRADESH,09,Safe
MORENA,419,MADHYA PRADESH,23,Safe
BARMER,115,RAJASTHAN,08,Critical
FAIZABAD,177,UTTAR PRADESH,09,Safe
KANPUR DEHAT,163,UTTAR PRADESH,09,Safe
BHIND,420,MADHYA PRADESH,23,Safe
SAWAI MADHOPUR,108,RAJASTHAN,08,Over-exploited
DEORIA,190,UTTAR PRADESH,09,Safe
SITAMARHI,206,BIHAR,10,Safe
TONK,120,RAJASTHAN,08,Over-exploited
SHEOHAR,205,BIHAR,10,Safe
SULTANPUR,179,UTTAR PRADESH,09,Safe
PALI,118,RAJASTHAN,08,Critical
GOPALGANJ,217,BIHAR,10,Over-exploited
AMBEDKAR NAGAR,178,UTTAR PRADESH,09,Safe
RAE BARELI,158,UTTAR PRADESH,09,Safe
JALAUN,165,UTTAR PRADESH,09,Safe
AZAMGARH,191,UTTAR PRADESH,09,Safe
GWALIOR,421,MADHYA PRADESH,23,Safe
SHEOPUR,418,MADHYA PRADESH,23,Safe
MAU,192,UTTAR PRADESH,09,Safe
FATEHPUR,172,UTTAR PRADESH,09,Critical
BALLIA,193,UTTAR PRADESH,09,Safe
JAUNPUR,194,UTTAR PRADESH,09,Critical
BHILWARA,122,RAJASTHAN,08,Over-exploited
SAMASTIPUR,221,BIHAR,10,Safe
JALOR,116,RAJASTHAN,08,Over-exploited
BUNDI,121,RAJASTHAN,08,Over-exploited
KATIHAR,212,BIHAR,10,Critical
JHANSI,166,UTTAR PRADESH,09,Safe
SHIVPURI,423,MADHYA PRADESH,23,Safe
KOTA,127,RAJASTHAN,08,Critical
BANDA,170,UTTAR PRADESH,09,Safe
GHAZIPUR,195,UTTAR PRADESH,09,Safe
KAUSHAMBI,174,UTTAR PRADESH,09,Over-exploited
KHAGARIA,223,BIHAR,10,Safe
BHOJPUR,231,BIHAR,10,Critical
PRAYAGRAJ,175,UTTAR PRADESH,09,Critical
BUXAR,232,BIHAR,10,Safe
DAKSHIN DINAJPUR,331,WEST BENGAL,19,Safe
MALDAH,332,WEST BENGAL,19,Safe
TIKAMGARH,424,MADHYA PRADESH,23,Safe
VARANASI,197,UTTAR PRADESH,09,Critical
DARBHANGA,215,BIHAR,10,Safe
SAHARSA,214,BIHAR,10,Safe
SIROHI,117,RAJASTHAN,08,Critical
CHITRAKOOT,171,UTTAR PRADESH,09,Critical
CHANDAULI,196,UTTAR PRADESH,09,Safe
BHADOHI,198,UTTAR PRADESH,09,Safe
BARAN,128,RAJASTHAN,08,Over-exploited
SAHIBGANJ,352,JHARKHAND,20,Safe
KAIMUR BHABHUA,233,BIHAR,10,Safe
ROHTAS,234,BIHAR,10,Safe
UDAIPUR,130,RAJASTHAN,08,Critical
GODDA,351,JHARKHAND,20,Safe
MIRZAPUR,199,UTTAR PRADESH,09,Critical
LALITPUR,167,UTTAR PRADESH,09,Semi-critical
JAMUI,238,BIHAR,10,Safe
NEEMUCH,432,MADHYA PRADESH,23,Critical
BANKA,225,BIHAR,10,Safe
REWA,430,MADHYA PRADESH,23,Safe
SATNA,429,MADHYA PRADESH,23,Safe
GUNA,458,MADHYA PRADESH,23,Safe
NAWADA,237,BIHAR,10,Critical
GAYA,236,BIHAR,10,Critical
ASHOKNAGAR,459,MADHYA PRADESH,23,Safe
BANAS KANTHA,469,GUJARAT,24,Safe
JHALAWAR,129,RAJASTHAN,08,Critical
MURSHIDABAD,333,WEST BENGAL,19,Safe
SONBHADRA,200,UTTAR PRADESH,09,Safe
PAKUR,353,JHARKHAND,20,Safe
MANDSAUR,433,MADHYA PRADESH,23,Critical
MUNGER,226,BIHAR,10,Safe
GIRIDIH,349,JHARKHAND,20,Safe
DUMKA,362,JHARKHAND,20,Safe
SINGRAULI,463,MADHYA PRADESH,23,Safe
BIRBHUM,334,WEST BENGAL,19,Safe
DEOGHAR,350,JHARKHAND,20,Safe
PALAMU,358,JHARKHAND,20,Safe
SIDHI,462,MADHYA PRADESH,23,Safe
CHATRA,347,JHARKHAND,20,Safe
GARHWA,346,JHARKHAND,20,Safe
SAGAR,427,MADHYA PRADESH,23,Safe
PATAN,470,GUJARAT,24,Critical
DAMOH,428,MADHYA PRADESH,23,Safe
SHAJAPUR,436,MADHYA PRADESH,23,Critical
VIDISHA,443,MADHYA PRADESH,23,Safe
MAHESANA,471,GUJARAT,24,Critical
RAJGARH,442,MADHYA PRADESH,23,Critical
SHAHDOL,460,MADHYA PRADESH,23,Safe
NADIA,336,WEST BENGAL,19,Safe
JAMTARA,363,JHARKHAND,20,Safe
DUNGARPUR,124,RAJASTHAN,08,Safe
KATNI,450,MADHYA PRADESH,23,Safe
DHANBAD,354,JHARKHAND,20,Critical
BANSWARA,125,RAJASTHAN,08,Safe
UMARIA,431,MADHYA PRADESH,23,Safe
LATEHAR,359,JHARKHAND,20,Safe
RATLAM,434,MADHYA PRADESH,23,Over-exploited
BOKARO,355,JHARKHAND,20,Over-exploited
RAMGARH,361,JHARKHAND,20,Safe
BHOPAL,444,MADHYA PRADESH,23,Safe
PURBA BARDHAMAN,335,WEST BENGAL,19,Safe
KORIYA,400,CHHATTISGARH,22,Safe
UJJAIN,435,MADHYA PRADESH,23,Over-exploited
GANDHINAGAR,473,GUJARAT,24,Over-exploited
AHMADABAD,474,GUJARAT,24,Safe
RAISEN,446,MADHYA PRADESH,23,Safe
PURULIA,340,WEST BENGAL,19,Safe
SEHORE,445,MADHYA PRADESH,23,Safe
RANCHI,364,JHARKHAND,20,Safe
BANKURA,339,WEST BENGAL,19,Safe
LOHARDAGA,356,JHARKHAND,20,Safe
PANCH MAHALS,484,GUJARAT,24,Safe
JABALPUR,451,MADHYA PRADESH,23,Safe
GUMLA,366,JHARKHAND,20,Safe
DOHAD,485,GUJARAT,24,Safe
DEWAS,437,MADHYA PRADESH,23,Over-exploited
ANUPPUR,461,MADHYA PRADESH,23,Safe
JHABUA,464,MADHYA PRADESH,23,Safe
NORTH 24 PARGANAS,337,WEST BENGAL,19,Safe
DINDORI,453,MADHYA PRADESH,23,Safe
HOOGHLY,338,WEST BENGAL,19,Safe
KHUNTI,365,JHARKHAND,20,Safe
NARSIMHAPUR,452,MADHYA PRADESH,23,Safe
DHAR,438,MADHYA PRADESH,23,Over-exploited
JASHPUR,402,CHHATTISGARH,22,Safe
INDORE,439,MADHYA PRADESH,23,Over-exploited
SARAIKELA-KHARSAWAN,369,JHARKHAND,20,Safe
MANDLA,454,MADHYA PRADESH,23,Safe
PURBI SINGHBHUM,357,JHARKHAND,20,Safe
HOSHANGABAD,449,MADHYA PRADESH,23,Safe
KORBA,404,CHHATTISGARH,22,Safe
PASHCHIMI SINGHBHUM,368,JHARKHAND,20,Safe
HOWRAH,341,WEST BENGAL,19,Safe
SIMDEGA,367,JHARKHAND,20,Safe
KOLKATA,342,WEST BENGAL,19,Safe
KODARMA,348,JHARKHAND,20,Safe
HAZARIBAGH,360,JHARKHAND,20,Safe
VAISHALI,220,BIHAR,10,Over-exploited
BEGUSARAI,222,BIHAR,10,Critical
BHAGALPUR,224,BIHAR,10,Safe
LAKHISARAI,227,BIHAR,10,Safe
SHEIKHPURA,228,BIHAR,10,Safe
ARWAL,240,BIHAR,10,Safe
JEHANABAD,239,BIHAR,10,Critical
NALANDA,229,BIHAR,10,Critical
PATNA,230,BIHAR,10,Critical
SARAN,219,BIHAR,10,Critical
SIWAN,218,BIHAR,10,Safe
MUZAFFARPUR,216,BIHAR,10,Over-exploited
MADHEPURA,213,BIHAR,10,Safe
ARARIA,209,BIHAR,10,Safe
SUPAUL,208,BIHAR,10,Safe
MADHUBANI,207,BIHAR,10,Safe
PURNIA,211,BIHAR,10,Safe
SURAJPUR,715,CHHATTISGARH,22,Safe
SURGUJA,401,CHHATTISGARH,22,Safe
ARAVALLI,725,GUJARAT,24,Safe
MAHISAGAR,730,GUJARAT,24,Safe
AMETHI,706,UTTAR PRADESH,09,Safe
GHAZIABAD,140,UTTAR PRADESH,09,Over-exploited
AGAR MALWA,724,MADHYA PRADESH,23,Safe
SHAHDARA,702,DELHI,07,Over-exploited
SOUTH EAST DELHI,703,DELHI,07,Over-exploited
NORTH WEST DELHI,090,DELHI,07,Over-exploited
SAMBHAL,754,UTTAR PRADESH,09,Critical
CHARKI DADRI,765,HARYANA,06,Over-exploited
ALIPURDUAR,774,WEST BENGAL,19,Safe
PASCHIM BARDHAMAN,777,WEST BENGAL,19,Safe
KALIMPONG,775,WEST BENGAL,19,Safe
AJMER,119,RAJASTHAN,08,Over-exploited
COOCH BEHAR,329,WEST BENGAL,19,Safe
UTTAR DINAJPUR,330,WEST BENGAL,19,Safe
DATIA,422,MADHYA PRADESH,23,Safe
RAJSAMAND,123,RAJASTHAN,08,Critical
MAHOBA,169,UTTAR PRADESH,09,Over-exploited
CHHATARPUR,425,MADHYA PRADESH,23,Safe
CHITTAURGARH,126,RAJASTHAN,08,Over-exploited
PANNA,426,MADHYA PRADESH,23,Safe
SABAR KANTHA,472,GUJARAT,24,Safe
KACHCHH,468,GUJARAT,24,Critical
SURENDRANAGAR,475,GUJARAT,24,Safe
KHEDA,483,GUJARAT,24,Safe
ANAND,482,GUJARAT,24,Safe
KISHANGANJ,210,BIHAR,10,Safe
MORBI,727,GUJARAT,24,Safe
LEH,003,LADAKH,38,Safe
KARGIL,004,LADAKH,38,Safe
KUPWARA,001,JAMMU AND KASHMIR,01,Safe
BANDIPORE,009,JAMMU AND KASHMIR,01,Safe
BARAMULA,008,JAMMU AND KASHMIR,01,Safe
GANDERBAL,011,JAMMU AND KASHMIR,01,Safe
ANANTNAG,014,JAMMU AND KASHMIR,01,Safe
KISHTWAR,018,JAMMU AND KASHMIR,01,Safe
SRINAGAR,010,JAMMU AND KASHMIR,01,Safe
BADGAM,002,JAMMU AND KASHMIR,01,Safe
PULWAMA,012,JAMMU AND KASHMIR,01,Safe
PUNCH,005,JAMMU AND KASHMIR,01,Safe
SHUPIYAN,013,JAMMU AND KASHMIR,01,Safe
KULGAM,015,JAMMU AND KASHMIR,01,Safe
RAJOURI,006,JAMMU AND KASHMIR,01,Safe
RAMBAN,017,JAMMU AND KASHMIR,01,Safe
REASI,020,JAMMU AND KASHMIR,01,Safe
DODA,016,JAMMU AND KASHMIR,01,Safe
LAHUL AND SPITI,025,HIMACHAL PRADESH,02,Safe
CHAMBA,023,HIMACHAL PRADESH,02,Safe
JAMMU,021,JAMMU AND KASHMIR,01,Safe
KATHUA,007,JAMMU AND KASHMIR,01,Safe
GURDASPUR,035,PUNJAB,03,Critical
KANGRA,024,HIMACHAL PRADESH,02,Over-exploited
KULLU,026,HIMACHAL PRADESH,02,Safe
HOSHIARPUR,038,PUNJAB,03,Over-exploited
AMRITSAR,049,PUNJAB,03,Over-exploited
MANDI,027,HIMACHAL PRADESH,02,Safe
KINNAUR,034,HIMACHAL PRADESH,02,Safe
UNA,029,HIMACHAL PRADESH,02,Over-exploited
SHIMLA,033,HIMACHAL PRADESH,02,Safe
JALANDHAR,037,PUNJAB,03,Over-exploited
TARN TARAN,050,PUNJAB,03,Over-exploited
RUPNAGAR,051,PUNJAB,03,Safe
UTTARKASHI,056,UTTARAKHAND,05,Safe
SOLAN,031,HIMACHAL PRADESH,02,Over-exploited
SHAHID BHAGAT SINGH NAGAR,039,PUNJAB,03,Safe
FAZILKA,701,PUNJAB,03,Over-exploited
MOGA,042,PUNJAB,03,Over-exploited
LUDHIANA,041,PUNJAB,03,Over-exploited
CHAMOLI,057,UTTARAKHAND,05,Safe
DEHRADUN,060,UTTARAKHAND,05,Safe
SIRMAUR,032,HIMACHAL PRADESH,02,Safe
S.A.S. NAGAR,052,PUNJAB,03,Safe
FARIDKOT,045,PUNJAB,03,Over-exploited
FATEHGARH SAHIB,040,PUNJAB,03,Over-exploited
TEHRI GARHWAL,059,UTTARAKHAND,05,Safe
CHANDIGARH,055,CHANDIGARH,04,Semi-critical
SRI MUKTSAR SAHIB,044,PUNJAB,03,Safe
RUDRAPRAYAG,058,UTTARAKHAND,05,Safe
PITHORAGARH,062,UTTARAKHAND,05,Safe
SANGRUR,053,PUNJAB,03,Over-exploited
BARNALA,054,PUNJAB,03,Over-exploited
BATHINDA,046,PUNJAB,03,Over-exploited
PATIALA,048,PUNJAB,03,Over-exploited
YAMUNANAGAR,071,HARYANA,06,Over-exploited
SAHARANPUR,132,UTTAR PRADESH,09,Critical
GANGANAGAR,099,RAJASTHAN,08,Safe
MANSA,047,PUNJAB,03,Critical
KURUKSHETRA,072,HARYANA,06,Over-exploited
BAGESHWAR,063,UTTARAKHAND,05,Safe
HARIDWAR,068,UTTARAKHAND,05,Safe
PAURI GARHWAL,061,UTTARAKHAND,05,Safe
KAITHAL,073,HARYANA,06,Over-exploited
SIRSA,079,HARYANA,06,Over-exploited
HANUMANGARH,100,RAJASTHAN,08,Safe
KARNAL,074,HARYANA,06,Over-exploited
ALMORA,064,UTTARAKHAND,05,Safe
JIND,077,HARYANA,06,Over-exploited
FATEHABAD,078,HARYANA,06,Critical
BIJNOR,134,UTTAR PRADESH,09,Critical
MUZAFFARNAGAR,133,UTTAR PRADESH,09,Critical
HISAR,080,HARYANA,06,Critical
NAINITAL,066,UTTARAKHAND,05,Safe
PANIPAT,075,HARYANA,06,Over-exploited
CHAMPAWAT,065,UTTARAKHAND,05,Safe
UDHAM SINGH NAGAR,067,UTTARAKHAND,05,Safe
SONIPAT,076,HARYANA,06,Over-exploited
BAGHPAT,139,UTTAR PRADESH,09,Safe
MEERUT,138,UTTAR PRADESH,09,Critical
MORADABAD,135,UTTAR PRADESH,09,Critical
BIKANER,101,RAJASTHAN,08,Critical
RAMPUR,136,UTTAR PRADESH,09,Over-exploited
BHIWANI,081,HARYANA,06,Over-exploited
ROHTAK,082,HARYANA,06,Safe
SHAMLI,704,UTTAR PRADESH,09,Over-exploited
FIROZPUR,043,PUNJAB,03,Safe
PATHANKOT,773,PUNJAB,03,Safe
UDHAMPUR,019,JAMMU AND KASHMIR,01,Safe
SAMBA,022,JAMMU AND KASHMIR,01,Safe
KAPURTHALA,036,PUNJAB,03,Over-exploited
PANCHKULA,069,HARYANA,06,Safe
AMBALA,070,HARYANA,06,Critical
AURANGABAD,235,BIHAR,10,Safe
BALRAMPUR,716,CHHATTISGARH,22,Safe
BALRAMPUR,182,UTTAR PRADESH,09,Safe
HAMIRPUR,168,UTTAR PRADESH,09,Safe
HAMIRPUR,028,HIMACHAL PRADESH,02,Safe
PRATAPGARH,131,RAJASTHAN,08,Critical
PRATAPGARH,173,UTTAR PRADESH,09,Critical
BILASPUR,030,HIMACHAL PRADESH,02,Safe
NIWARI,782,MADHYA PRADESH,23,Safe
MUZAFFARABAD,992,JAMMU AND KASHMIR,01,Safe
MIRPUR,991,JAMMU AND KASHMIR,01,Safe