District,DISTRICT_CODE,State,STATE_CODE,Current2025,future2050
NICOBARS,638,ANDAMAN AND NICOBAR,35,No Stress [>1700 m3],No Stress [>1700 m3]
NORTH AND MIDDLE ANDAMAN,639,ANDAMAN AND NICOBAR,35,No Stress [>1700 m3],No Stress [>1700 m3]
SOUTH ANDAMAN,640,ANDAMAN AND NICOBAR,35,No Stress [>1700 m3],No Stress [>1700 m3]
LAKSHADWEEP,587,LAKSHADWEEP,No Stress [>1700 m3],No Stress [>1700 m3]
Anantapur,553,Andhra Pradesh,37,Scarcity [500−1000 m3],Scarcity [500−1000 m3]
Chittoor,554,Andhra Pradesh,37,Absolute scarcity [<500 m3],Absolute scarcity [<500 m3]
East Godavari,545,Andhra Pradesh,37,Stress [1000−1700 m3],Stress [1000−1700 m3]
Guntur,548,Andhra Pradesh,37,Scarcity [500−1000 m3],Scarcity [500−1000 m3]
Krishna,547,Andhra Pradesh,37,Scarcity [500−1000 m3],Scarcity [500−1000 m3]
Kurnool,552,Andhra Pradesh,37,Scarcity [500−1000 m3],Scarcity [500−1000 m3]
Prakasam,549,Andhra Pradesh,37,Scarcity [500−1000 m3],Scarcity [500−1000 m3]
S.P.S. NELLORE,550,Andhra Pradesh,37,Absolute scarcity [<500 m3],Absolute scarcity [<500 m3]
Srikakulam,542,Andhra Pradesh,37,Scarcity [500−1000 m3],Scarcity [500−1000 m3]
Visakhapatnam,544,Andhra Pradesh,37,Stress [1000−1700 m3],Stress [1000−1700 m3]
Vizianagaram,543,Andhra Pradesh,37,Scarcity [500−1000 m3],Scarcity [500−1000 m3]
West Godavari,546,Andhra Pradesh,37,Scarcity [500−1000 m3],Scarcity [500−1000 m3]
Y.S.R.,551,Andhra Pradesh,37,Scarcity [500−1000 m3],Scarcity [500−1000 m3]
Anjaw,260,Arunachal Pradesh,12,No Stress [>1700 m3],No Stress [>1700 m3]
Upper Dibang Valley,257,Arunachal Pradesh,12,No Stress [>1700 m3],No Stress [>1700 m3]
Shi Yomi,785,Arunachal Pradesh,12,No Stress [>1700 m3],No Stress [>1700 m3]
Siang,764,Arunachal Pradesh,12,No Stress [>1700 m3],No Stress [>1700 m3]
Namsai,762,Arunachal Pradesh,12,No Stress [>1700 m3],No Stress [>1700 m3]
Kra Daadi,763,Arunachal Pradesh,12,No Stress [>1700 m3],No Stress [>1700 m3]
Kamle,778,Arunachal Pradesh,12,No Stress [>1700 m3],No Stress [>1700 m3]
Lower Siang,779,Arunachal Pradesh,12,No Stress [>1700 m3],No Stress [>1700 m3]
Lepa Rada,784,Arunachal Pradesh,12,No Stress [>1700 m3],No Stress [>1700 m3]
Longding,761,Arunachal Pradesh,12,No Stress [>1700 m3],No Stress [>1700 m3]
Changlang,253,Arunachal Pradesh,12,No Stress [>1700 m3],No Stress [>1700 m3]
East Kameng,247,Arunachal Pradesh,12,No Stress [>1700 m3],No Stress [>1700 m3]
East Siang,251,Arunachal Pradesh,12,No Stress [>1700 m3],No Stress [>1700 m3]
Kurung Kumey,256,Arunachal Pradesh,12,No Stress [>1700 m3],No Stress [>1700 m3]
Lohit,259,Arunachal Pradesh,12,No Stress [>1700 m3],No Stress [>1700 m3]
Lower Dibang Valley,258,Arunachal Pradesh,12,No Stress [>1700 m3],No Stress [>1700 m3]
Lower Subansiri,255,Arunachal Pradesh,12,No Stress [>1700 m3],No Stress [>1700 m3]
Papum Pare,248,Arunachal Pradesh,12,No Stress [>1700 m3],No Stress [>1700 m3]
Tawang,245,Arunachal Pradesh,12,No Stress [>1700 m3],No Stress [>1700 m3]
Tirap,254,Arunachal Pradesh,12,No Stress [>1700 m3],No Stress [>1700 m3]
Upper Siang,252,Arunachal Pradesh,12,No Stress [>1700 m3],No Stress [>1700 m3]
Upper Subansiri,249,Arunachal Pradesh,12,No Stress [>1700 m3],No Stress [>1700 m3]
West Kameng,246,Arunachal Pradesh,12,No Stress [>1700 m3],No Stress [>1700 m3]
West Siang,250,Arunachal Pradesh,12,No Stress [>1700 m3],No Stress [>1700 m3]
BAKSA,324,Assam,18,No Stress [>1700 m3],No Stress [>1700 m3]
Charaideo,755,Assam,18,No Stress [>1700 m3],No Stress [>1700 m3]
Majuli,760,Assam,18,No Stress [>1700 m3],No Stress [>1700 m3]
Biswanath,756,Assam,18,No Stress [>1700 m3],No Stress [>1700 m3]
Pakke Kesang,783,Assam,18,No Stress [>1700 m3],No Stress [>1700 m3]
Hojai,757,Assam,18,No Stress [>1700 m3],No Stress [>1700 m3]
South Salmara Mancachar,758,Assam,18,No Stress [>1700 m3],No Stress [>1700 m3]
West Karbi Anglong,759,Assam,18,No Stress [>1700 m3],No Stress [>1700 m3]
Dima Hasao,315,Assam,18,No Stress [>1700 m3],No Stress [>1700 m3]
BARPETA,303,Assam,18,No Stress [>1700 m3],No Stress [>1700 m3]
BONGAIGAON,319,Assam,18,No Stress [>1700 m3],No Stress [>1700 m3]
CACHAR,316,Assam,18,No Stress [>1700 m3],No Stress [>1700 m3]
CACHAR,316,Assam,18,No Stress [>1700 m3],No Stress [>1700 m3]
CHIRANG,320,Assam,18,No Stress [>1700 m3],No Stress [>1700 m3]
DARRANG,325,Assam,18,No Stress [>1700 m3],No Stress [>1700 m3]
DHEMAJI,308,Assam,18,No Stress [>1700 m3],No Stress [>1700 m3]
DHUBRI,301,Assam,18,No Stress [>1700 m3],No Stress [>1700 m3]
DIBRUGARH,310,Assam,18,No Stress [>1700 m3],No Stress [>1700 m3]
GOALPARA,302,Assam,18,No Stress [>1700 m3],No Stress [>1700 m3]
GOLAGHAT,313,Assam,18,No Stress [>1700 m3],No Stress [>1700 m3]
HAILAKANDI,318,Assam,18,No Stress [>1700 m3],No Stress [>1700 m3]
JORHAT,312,Assam,18,No Stress [>1700 m3],No Stress [>1700 m3]
KAMRUP,321,Assam,18,No Stress [>1700 m3],No Stress [>1700 m3]
KAMRUP METROPOLITAN,322,Assam,18,No Stress [>1700 m3],No Stress [>1700 m3]
KARBI ANGLONG,314,Assam,18,No Stress [>1700 m3],No Stress [>1700 m3]
KARIMGANJ,317,Assam,18,No Stress [>1700 m3],No Stress [>1700 m3]
KOKRAJHAR,300,Assam,18,No Stress [>1700 m3],No Stress [>1700 m3]
LAKHIMPUR,307,Assam,18,No Stress [>1700 m3],No Stress [>1700 m3]
MORIGAON,304,Assam,18,No Stress [>1700 m3],No Stress [>1700 m3]
NAGAON,305,Assam,18,No Stress [>1700 m3],No Stress [>1700 m3]
NALBARI,323,Assam,18,No Stress [>1700 m3],No Stress [>1700 m3]
SIVASAGAR,311,Assam,18,No Stress [>1700 m3],No Stress [>1700 m3]
SONITPUR,306,Assam,18,No Stress [>1700 m3],No Stress [>1700 m3]
TINSUKIA,309,Assam,18,No Stress [>1700 m3],No Stress [>1700 m3]
UDALGURI,326,Assam,18,No Stress [>1700 m3],No Stress [>1700 m3]
Araria,209,Bihar,10,Scarcity [500−1000 m3],Scarcity [500−1000 m3]
Arwal,240,Bihar,10,Scarcity [500−1000 m3],Scarcity [500−1000 m3]
Aurangabad,235,Bihar,10,Scarcity [500−1000 m3],Scarcity [500−1000 m3]
Banka,225,Bihar,10,Scarcity [500−1000 m3],Scarcity [500−1000 m3]
Begusarai,222,Bihar,10,Scarcity [500−1000 m3],Scarcity [500−1000 m3]
Bhagalpur,224,Bihar,10,Scarcity [500−1000 m3],Scarcity [500−1000 m3]
Bhojpur,231,Bihar,10,Scarcity [500−1000 m3],Scarcity [500−1000 m3]
Buxar,232,Bihar,10,Scarcity [500−1000 m3],Scarcity [500−1000 m3]
Darbhanga,215,Bihar,10,Scarcity [500−1000 m3],Scarcity [500−1000 m3]
East Champaran,204,Bihar,10,Scarcity [500−1000 m3],Scarcity [500−1000 m3]
Gaya,236,Bihar,10,Scarcity [500−1000 m3],Scarcity [500−1000 m3]
Gopalganj,217,Bihar,10,Scarcity [500−1000 m3],Scarcity [500−1000 m3]
Jamui,238,Bihar,10,Scarcity [500−1000 m3],Scarcity [500−1000 m3]
Jehanabad,239,Bihar,10,Scarcity [500−1000 m3],Scarcity [500−1000 m3]
Katihar,212,Bihar,10,Scarcity [500−1000 m3],Scarcity [500−1000 m3]
Khagaria,223,Bihar,10,Scarcity [500−1000 m3],Scarcity [500−1000 m3]
Kishanganj,210,Bihar,10,Scarcity [500−1000 m3],Scarcity [500−1000 m3]
Kaimur Bhabhua,233,Bihar,10,Scarcity [500−1000 m3],Scarcity [500−1000 m3]
Lakhisarai,227,Bihar,10,Scarcity [500−1000 m3],Scarcity [500−1000 m3]
Madhepura,213,Bihar,10,Scarcity [500−1000 m3],Scarcity [500−1000 m3]
Madhubani,207,Bihar,10,Scarcity [500−1000 m3],Scarcity [500−1000 m3]
Munger,226,Bihar,10,Scarcity [500−1000 m3],Scarcity [500−1000 m3]
Muzaffarpur,216,Bihar,10,Scarcity [500−1000 m3],Scarcity [500−1000 m3]
Nalanda,229,Bihar,10,Scarcity [500−1000 m3],Scarcity [500−1000 m3]
Nawada,237,Bihar,10,Scarcity [500−1000 m3],Scarcity [500−1000 m3]
Patna,230,Bihar,10,Scarcity [500−1000 m3],Scarcity [500−1000 m3]
Purnia,211,Bihar,10,Scarcity [500−1000 m3],Scarcity [500−1000 m3]
Rohtas,234,Bihar,10,Scarcity [500−1000 m3],Scarcity [500−1000 m3]
Saharsa,214,Bihar,10,Scarcity [500−1000 m3],Scarcity [500−1000 m3]
Samastipur,221,Bihar,10,Scarcity [500−1000 m3],Scarcity [500−1000 m3]
Saran,219,Bihar,10,Scarcity [500−1000 m3],Scarcity [500−1000 m3]
Sheikhpura,228,Bihar,10,Scarcity [500−1000 m3],Scarcity [500−1000 m3]
Sheohar,205,Bihar,10,Scarcity [500−1000 m3],Scarcity [500−1000 m3]
Sitamarhi,206,Bihar,10,Scarcity [500−1000 m3],Scarcity [500−1000 m3]
Siwan,218,Bihar,10,Scarcity [500−1000 m3],Scarcity [500−1000 m3]
Supaul,208,Bihar,10,Scarcity [500−1000 m3],Scarcity [500−1000 m3]
Vaishali,220,Bihar,10,Scarcity [500−1000 m3],Scarcity [500−1000 m3]
West Champaran,203,Bihar,10,Scarcity [500−1000 m3],Scarcity [500−1000 m3]
Chandigarh,055,Chandigarh,04,Scarcity [500−1000 m3],Scarcity [500−1000 m3]
Balod,719,Chhattisgarh,22,Stress [1000−1700 m3],Stress [1000−1700 m3]
Baloda Bazar,721,Chhattisgarh,22,Stress [1000−1700 m3],Stress [1000−1700 m3]
Balrampur,716,Chhattisgarh,22,Scarcity [500−1000 m3],Scarcity [500−1000 m3]
Bastar,414,Chhattisgarh,22,Stress [1000−1700 m3],Stress [1000−1700 m3]
BAMETARA,718,Chhattisgarh,22,Stress [1000−1700 m3],Stress [1000−1700 m3]
Bijapur,417,Chhattisgarh,22,Stress [1000−1700 m3],Stress [1000−1700 m3]
Bilaspur,406,Chhattisgarh,22,Stress [1000−1700 m3],Stress [1000−1700 m3]
DAKSHIN BASTAR DANTEWADA,416,Chhattisgarh,22,Stress [1000−1700 m3],Stress [1000−1700 m3]
Dhamtari,412,Chhattisgarh,22,Stress [1000−1700 m3],Stress [1000−1700 m3]
Durg,409,Chhattisgarh,22,Stress [1000−1700 m3],Stress [1000−1700 m3]
GARIABAND,720,Chhattisgarh,22,Stress [1000−1700 m3],Stress [1000−1700 m3]
JANJGIR CHAMPA,405,Chhattisgarh,22,Stress [1000−1700 m3],Stress [1000−1700 m3]
Jashpur,402,Chhattisgarh,22,Stress [1000−1700 m3],Stress [1000−1700 m3]
KABEERDHAM,407,Chhattisgarh,22,Stress [1000−1700 m3],Stress [1000−1700 m3]
Kondagaon,722,Chhattisgarh,22,Stress [1000−1700 m3],Stress [1000−1700 m3]
Korba,404,Chhattisgarh,22,Stress [1000−1700 m3],Stress [1000−1700 m3]
Koriya,400,Chhattisgarh,22,Scarcity [500−1000 m3],Scarcity [500−1000 m3]
Mahasamund,411,Chhattisgarh,22,Stress [1000−1700 m3],Stress [1000−1700 m3]
Mungeli,717,Chhattisgarh,22,Stress [1000−1700 m3],Stress [1000−1700 m3]
Narayanpur,415,Chhattisgarh,22,Stress [1000−1700 m3],Stress [1000−1700 m3]
Raigarh,403,Chhattisgarh,22,Stress [1000−1700 m3],Stress [1000−1700 m3]
Raipur,410,Chhattisgarh,22,Stress [1000−1700 m3],Stress [1000−1700 m3]
Rajnandgaon,408,Chhattisgarh,22,Stress [1000−1700 m3],Stress [1000−1700 m3]
Sukma,723,Chhattisgarh,22,Stress [1000−1700 m3],Stress [1000−1700 m3]
Surajpur,715,Chhattisgarh,22,Scarcity [500−1000 m3],Scarcity [500−1000 m3]
Surguja,401,Chhattisgarh,22,Scarcity [500−1000 m3],Scarcity [500−1000 m3]
Uttar Bastar Kanker,413,Chhattisgarh,22,Scarcity [500−1000 m3],Scarcity [500−1000 m3]
Dadra and Nagar Haveli,496,Dadra and Nagar Haveli,26,No Stress [>1700 m3],No Stress [>1700 m3]
Diu,494,Daman and Diu,#N/A,Scarcity [500−1000 m3],Scarcity [500−1000 m3]
Central Delhi,095,Delhi,07,Scarcity [500−1000 m3],Scarcity [500−1000 m3]
East Delhi,093,Delhi,07,Scarcity [500−1000 m3],Scarcity [500−1000 m3]
New Delhi,094,Delhi,07,Scarcity [500−1000 m3],Scarcity [500−1000 m3]
North Delhi,091,Delhi,07,Scarcity [500−1000 m3],Scarcity [500−1000 m3]
NORTH EAST DELHI,092,Delhi,07,Scarcity [500−1000 m3],Scarcity [500−1000 m3]
NORTH WEST DELHI,090,Delhi,07,Scarcity [500−1000 m3],Scarcity [500−1000 m3]
South Delhi,098,Delhi,07,Scarcity [500−1000 m3],Scarcity [500−1000 m3]
SOUTH WEST DELHI,097,Delhi,07,Scarcity [500−1000 m3],Scarcity [500−1000 m3]
West Delhi,096,Delhi,07,Scarcity [500−1000 m3],Scarcity [500−1000 m3]
North Goa,585,Goa,30,No Stress [>1700 m3],No Stress [>1700 m3]
South Goa,586,Goa,30,No Stress [>1700 m3],No Stress [>1700 m3]
AHMADABAD,474,Gujarat,24,Scarcity [500−1000 m3],Scarcity [500−1000 m3]
Amreli,480,Gujarat,24,Scarcity [500−1000 m3],Scarcity [500−1000 m3]
Anand,482,Gujarat,24,Scarcity [500−1000 m3],Scarcity [500−1000 m3]
Aravalli,725,Gujarat,24,Scarcity [500−1000 m3],Scarcity [500−1000 m3]
BANAS KANTHA,469,Gujarat,24,Scarcity [500−1000 m3],Scarcity [500−1000 m3]
Bharuch,488,Gujarat,24,No Stress [>1700 m3],No Stress [>1700 m3]
Bhavnagar,481,Gujarat,24,Scarcity [500−1000 m3],Scarcity [500−1000 m3]
Botad,726,Gujarat,24,Scarcity [500−1000 m3],Scarcity [500−1000 m3]
CHOTA UDAIPUR,731,Gujarat,24,No Stress [>1700 m3],No Stress [>1700 m3]
Devbhumi Dwarka,728,Gujarat,24,Scarcity [500−1000 m3],Scarcity [500−1000 m3]
Dohad,485,Gujarat,24,Scarcity [500−1000 m3],Scarcity [500−1000 m3]
Gandhinagar,473,Gujarat,24,Scarcity [500−1000 m3],Scarcity [500−1000 m3]
Gir Somnath,729,Gujarat,24,Scarcity [500−1000 m3],Scarcity [500−1000 m3]
Jamnagar,477,Gujarat,24,Scarcity [500−1000 m3],Scarcity [500−1000 m3]
Junagadh,479,Gujarat,24,Scarcity [500−1000 m3],Scarcity [500−1000 m3]
Kheda,483,Gujarat,24,Scarcity [500−1000 m3],Scarcity [500−1000 m3]
Kachchh,468,Gujarat,24,Scarcity [500−1000 m3],Scarcity [500−1000 m3]
Mahesana,471,Gujarat,24,Scarcity [500−1000 m3],Scarcity [500−1000 m3]
Mahisagar,730,Gujarat,24,Scarcity [500−1000 m3],Scarcity [500−1000 m3]
Morbi,727,Gujarat,24,Scarcity [500−1000 m3],Scarcity [500−1000 m3]
Narmada,487,Gujarat,24,No Stress [>1700 m3],No Stress [>1700 m3]
Navsari,490,Gujarat,24,No Stress [>1700 m3],No Stress [>1700 m3]
PANCH MAHALS,484,Gujarat,24,Scarcity [500−1000 m3],Scarcity [500−1000 m3]
Patan,470,Gujarat,24,Scarcity [500−1000 m3],Scarcity [500−1000 m3]
Porbandar,478,Gujarat,24,Scarcity [500−1000 m3],Scarcity [500−1000 m3]
Rajkot,476,Gujarat,24,Scarcity [500−1000 m3],Scarcity [500−1000 m3]
SABAR KANTHA,472,Gujarat,24,Scarcity [500−1000 m3],Scarcity [500−1000 m3]
Surat,492,Gujarat,24,Stress [1000−1700 m3],Scarcity [500−1000 m3]
Surendranagar,475,Gujarat,24,Scarcity [500−1000 m3],Scarcity [500−1000 m3]
Tapi,493,Gujarat,24,No Stress [>1700 m3],No Stress [>1700 m3]
The Dangs,489,Gujarat,24,No Stress [>1700 m3],No Stress [>1700 m3]
Vadodara,486,Gujarat,24,Scarcity [500−1000 m3],Scarcity [500−1000 m3]
Valsad,491,Gujarat,24,No Stress [>1700 m3],No Stress [>1700 m3]
AMBALA,070,Haryana,06,Scarcity [500−1000 m3],Scarcity [500−1000 m3]
BHIWANI,081,Haryana,06,Scarcity [500−1000 m3],Scarcity [500−1000 m3]
CHARKI DADRI,765,Haryana,06,Scarcity [500−1000 m3],Scarcity [500−1000 m3]
FARIDABAD,088,Haryana,06,Scarcity [500−1000 m3],Scarcity [500−1000 m3]
FATEHABAD,078,Haryana,06,Scarcity [500−1000 m3],Scarcity [500−1000 m3]
GURUGRAM,086,Haryana,06,Scarcity [500−1000 m3],Scarcity [500−1000 m3]
HISAR,080,Haryana,06,Scarcity [500−1000 m3],Scarcity [500−1000 m3]
JHAJJAR,083,Haryana,06,Scarcity [500−1000 m3],Scarcity [500−1000 m3]
JIND,077,Haryana,06,Scarcity [500−1000 m3],Scarcity [500−1000 m3]
KAITHAL,073,Haryana,06,Scarcity [500−1000 m3],Scarcity [500−1000 m3]
KARNAL,074,Haryana,06,Scarcity [500−1000 m3],Scarcity [500−1000 m3]
KURUKSHETRA,072,Haryana,06,Scarcity [500−1000 m3],Scarcity [500−1000 m3]
MAHENDRAGARH,084,Haryana,06,Scarcity [500−1000 m3],Scarcity [500−1000 m3]
NUH,087,Haryana,06,Scarcity [500−1000 m3],Scarcity [500−1000 m3]
PALWAL,089,Haryana,06,Scarcity [500−1000 m3],Scarcity [500−1000 m3]
PANCHKULA,069,Haryana,06,Scarcity [500−1000 m3],Scarcity [500−1000 m3]
PANIPAT,075,Haryana,06,Scarcity [500−1000 m3],Scarcity [500−1000 m3]
REWARI,085,Haryana,06,Scarcity [500−1000 m3],Scarcity [500−1000 m3]
ROHTAK,082,Haryana,06,Scarcity [500−1000 m3],Scarcity [500−1000 m3]
SIRSA,079,Haryana,06,Scarcity [500−1000 m3],Scarcity [500−1000 m3]
SONIPAT,076,Haryana,06,Scarcity [500−1000 m3],Scarcity [500−1000 m3]
YAMUNANAGAR,071,Haryana,06,Scarcity [500−1000 m3],Scarcity [500−1000 m3]
BILASPUR,030,Himachal Pradesh,02,Scarcity [500−1000 m3],Scarcity [500−1000 m3]
CHAMBA,023,Himachal Pradesh,02,Scarcity [500−1000 m3],Scarcity [500−1000 m3]
HAMIRPUR,028,Himachal Pradesh,02,Scarcity [500−1000 m3],Scarcity [500−1000 m3]
KANGRA,024,Himachal Pradesh,02,Scarcity [500−1000 m3],Scarcity [500−1000 m3]
KINNAUR,034,Himachal Pradesh,02,Scarcity [500−1000 m3],Scarcity [500−1000 m3]
KULLU,026,Himachal Pradesh,02,Scarcity [500−1000 m3],Scarcity [500−1000 m3]
LAHUL AND SPITI,025,Himachal Pradesh,02,Scarcity [500−1000 m3],Scarcity [500−1000 m3]
MANDI,027,Himachal Pradesh,02,Scarcity [500−1000 m3],Scarcity [500−1000 m3]
SHIMLA,033,Himachal Pradesh,02,Scarcity [500−1000 m3],Scarcity [500−1000 m3]
SIRMAUR,032,Himachal Pradesh,02,Scarcity [500−1000 m3],Scarcity [500−1000 m3]
SOLAN,031,Himachal Pradesh,02,Scarcity [500−1000 m3],Scarcity [500−1000 m3]
UNA,029,Himachal Pradesh,02,Scarcity [500−1000 m3],Scarcity [500−1000 m3]
ANANTNAG,014,Jammu and Kashmir,01,Scarcity [500−1000 m3],Scarcity [500−1000 m3]
BADGAM,002,Jammu and Kashmir,01,Scarcity [500−1000 m3],Scarcity [500−1000 m3]
BANDIPORE,009,Jammu and Kashmir,01,Scarcity [500−1000 m3],Scarcity [500−1000 m3]
BARAMULA,008,Jammu and Kashmir,01,Scarcity [500−1000 m3],Scarcity [500−1000 m3]
DODA,016,Jammu and Kashmir,01,Scarcity [500−1000 m3],Scarcity [500−1000 m3]
GANDERBAL,011,Jammu and Kashmir,01,Scarcity [500−1000 m3],Scarcity [500−1000 m3]
JAMMU,021,Jammu and Kashmir,01,Scarcity [500−1000 m3],Scarcity [500−1000 m3]
MUZAFFARABAD,992,Jammu and Kashmir,01,Scarcity [500−1000 m3],Scarcity [500−1000 m3]
MIRPUR,991,Jammu and Kashmir,01,Scarcity [500−1000 m3],Scarcity [500−1000 m3]
KATHUA,007,Jammu and Kashmir,01,Scarcity [500−1000 m3],Scarcity [500−1000 m3]
KISHTWAR,018,Jammu and Kashmir,01,Scarcity [500−1000 m3],Scarcity [500−1000 m3]
KULGAM,015,Jammu and Kashmir,01,Scarcity [500−1000 m3],Scarcity [500−1000 m3]
KUPWARA,001,Jammu and Kashmir,01,Scarcity [500−1000 m3],Scarcity [500−1000 m3]
PULWAMA,012,Jammu and Kashmir,01,Scarcity [500−1000 m3],Scarcity [500−1000 m3]
PUNCH,005,Jammu and Kashmir,01,Scarcity [500−1000 m3],Scarcity [500−1000 m3]
RAJOURI,006,Jammu and Kashmir,01,Scarcity [500−1000 m3],Scarcity [500−1000 m3]
RAMBAN,017,Jammu and Kashmir,01,Scarcity [500−1000 m3],Scarcity [500−1000 m3]
REASI,020,Jammu and Kashmir,01,Scarcity [500−1000 m3],Scarcity [500−1000 m3]
SAMBA,022,Jammu and Kashmir,01,Scarcity [500−1000 m3],Scarcity [500−1000 m3]
SHUPIYAN,013,Jammu and Kashmir,01,Scarcity [500−1000 m3],Scarcity [500−1000 m3]
SRINAGAR,010,Jammu and Kashmir,01,Scarcity [500−1000 m3],Scarcity [500−1000 m3]
UDHAMPUR,019,Jammu and Kashmir,01,Scarcity [500−1000 m3],Scarcity [500−1000 m3]
Bokaro,355,Jharkhand,20,Scarcity [500−1000 m3],Scarcity [500−1000 m3]
Chatra,347,Jharkhand,20,Scarcity [500−1000 m3],Scarcity [500−1000 m3]
Deoghar,350,Jharkhand,20,Scarcity [500−1000 m3],Scarcity [500−1000 m3]
Dhanbad,354,Jharkhand,20,Scarcity [500−1000 m3],Scarcity [500−1000 m3]
Dumka,362,Jharkhand,20,Scarcity [500−1000 m3],Scarcity [500−1000 m3]
PURBI SINGHBHUM,357,Jharkhand,20,No Stress [>1700 m3],No Stress [>1700 m3]
Garhwa,346,Jharkhand,20,Scarcity [500−1000 m3],Scarcity [500−1000 m3]
Giridih,349,Jharkhand,20,Scarcity [500−1000 m3],Scarcity [500−1000 m3]
Godda,351,Jharkhand,20,Scarcity [500−1000 m3],Scarcity [500−1000 m3]
Gumla,366,Jharkhand,20,No Stress [>1700 m3],No Stress [>1700 m3]
Hazaribagh,360,Jharkhand,20,Scarcity [500−1000 m3],Scarcity [500−1000 m3]
Jamtara,363,Jharkhand,20,Scarcity [500−1000 m3],Scarcity [500−1000 m3]
Khunti,365,Jharkhand,20,No Stress [>1700 m3],No Stress [>1700 m3]
Kodarma,348,Jharkhand,20,Scarcity [500−1000 m3],Scarcity [500−1000 m3]
Latehar,359,Jharkhand,20,Scarcity [500−1000 m3],Scarcity [500−1000 m3]
Lohardaga,356,Jharkhand,20,No Stress [>1700 m3],No Stress [>1700 m3]
Pakur,353,Jharkhand,20,Scarcity [500−1000 m3],Scarcity [500−1000 m3]
Palamu,358,Jharkhand,20,Scarcity [500−1000 m3],Scarcity [500−1000 m3]
Ramgarh,361,Jharkhand,20,Scarcity [500−1000 m3],Scarcity [500−1000 m3]
Ranchi,364,Jharkhand,20,Scarcity [500−1000 m3],Scarcity [500−1000 m3]
Sahibganj,352,Jharkhand,20,Scarcity [500−1000 m3],Scarcity [500−1000 m3]
SARAIKELA-KHARSAWAN,369,Jharkhand,20,Scarcity [500−1000 m3],Scarcity [500−1000 m3]
Simdega,367,Jharkhand,20,No Stress [>1700 m3],No Stress [>1700 m3]
PASHCHIMI SINGHBHUM,368,Jharkhand,20,No Stress [>1700 m3],No Stress [>1700 m3]
BAGALKOTE,556,Karnataka,29,Scarcity [500−1000 m3],Scarcity [500−1000 m3]
BENGALURU,572,Karnataka,29,Scarcity [500−1000 m3],Absolute scarcity [<500 m3]
BENGALURU RURAL,583,Karnataka,29,Scarcity [500−1000 m3],Absolute scarcity [<500 m3]
BALLARI,565,Karnataka,29,Scarcity [500−1000 m3],Scarcity [500−1000 m3]
Bidar,558,Karnataka,29,Stress [1000−1700 m3],Stress [1000−1700 m3]
Bijapur,417,Karnataka,29,Scarcity [500−1000 m3],Scarcity [500−1000 m3]
CHAMARAJANAGARA,578,Karnataka,29,Scarcity [500−1000 m3],Absolute scarcity [<500 m3]
CHIKKABALLAPURA,582,Karnataka,29,Scarcity [500−1000 m3],Scarcity [500−1000 m3]
CHIKKAMAGALURU,570,Karnataka,29,Scarcity [500−1000 m3],Scarcity [500−1000 m3]
Chitradurga,566,Karnataka,29,Scarcity [500−1000 m3],Scarcity [500−1000 m3]
Dakshina Kannada,575,Karnataka,29,Scarcity [500−1000 m3],Scarcity [500−1000 m3]
DAVANAGERE,567,Karnataka,29,Scarcity [500−1000 m3],Scarcity [500−1000 m3]
Dharwad,562,Karnataka,29,No Stress [>1700 m3],No Stress [>1700 m3]
Gadag,561,Karnataka,29,Scarcity [500−1000 m3],Scarcity [500−1000 m3]
Hassan,574,Karnataka,29,No Stress [>1700 m3],No Stress [>1700 m3]
Haveri,564,Karnataka,29,Scarcity [500−1000 m3],Scarcity [500−1000 m3]
Kodagu,576,Karnataka,29,Scarcity [500−1000 m3],Absolute scarcity [<500 m3]
Kolar,581,Karnataka,29,Absolute scarcity [<500 m3],Absolute scarcity [<500 m3]
Koppal,560,Karnataka,29,Scarcity [500−1000 m3],Scarcity [500−1000 m3]
Mandya,573,Karnataka,29,Scarcity [500−1000 m3],Absolute scarcity [<500 m3]
MYSURU,577,Karnataka,29,Scarcity [500−1000 m3],Absolute scarcity [<500 m3]
Raichur,559,Karnataka,29,Scarcity [500−1000 m3],Scarcity [500−1000 m3]
Ramanagara,584,Karnataka,29,Scarcity [500−1000 m3],Absolute scarcity [<500 m3]
SHIVAMOGGA,568,Karnataka,29,Scarcity [500−1000 m3],Scarcity [500−1000 m3]
TUMAKURU,571,Karnataka,29,Scarcity [500−1000 m3],Scarcity [500−1000 m3]
Udupi,569,Karnataka,29,Scarcity [500−1000 m3],Scarcity [500−1000 m3]
Uttara Kannada,563,Karnataka,29,No Stress [>1700 m3],No Stress [>1700 m3]
Yadgir,580,Karnataka,29,Scarcity [500−1000 m3],Scarcity [500−1000 m3]
kalaburagi,579,Karnataka,29,Scarcity [500−1000 m3],Scarcity [500−1000 m3]
Vijayapura,557,Karnataka,29,Scarcity [500−1000 m3],Scarcity [500−1000 m3]
Belagavi,555,Karnataka,29,Scarcity [500−1000 m3],Scarcity [500−1000 m3]
Alappuzha,598,Kerala,32,No Stress [>1700 m3],No Stress [>1700 m3]
Ernakulam,595,Kerala,32,No Stress [>1700 m3],No Stress [>1700 m3]
Idukki,596,Kerala,32,No Stress [>1700 m3],No Stress [>1700 m3]
Kannur,589,Kerala,32,No Stress [>1700 m3],No Stress [>1700 m3]
Kasaragod,588,Kerala,32,No Stress [>1700 m3],No Stress [>1700 m3]
Kollam,600,Kerala,32,No Stress [>1700 m3],No Stress [>1700 m3]
Kottayam,597,Kerala,32,No Stress [>1700 m3],No Stress [>1700 m3]
Kozhikode,591,Kerala,32,No Stress [>1700 m3],No Stress [>1700 m3]
Malappuram,592,Kerala,32,No Stress [>1700 m3],No Stress [>1700 m3]
Palakkad,593,Kerala,32,No Stress [>1700 m3],No Stress [>1700 m3]
Pathanamthitta,599,Kerala,32,No Stress [>1700 m3],No Stress [>1700 m3]
Thiruvananthapuram,601,Kerala,32,No Stress [>1700 m3],No Stress [>1700 m3]
Thrissur,594,Kerala,32,No Stress [>1700 m3],No Stress [>1700 m3]
Wayanad,590,Kerala,32,Scarcity [500−1000 m3],Absolute scarcity [<500 m3]
Kargil,004,Ladakh,38,Scarcity [500−1000 m3],Scarcity [500−1000 m3]
Leh,003,Ladakh,38,Scarcity [500−1000 m3],Scarcity [500−1000 m3]
Agar Malwa,724,Madhya Pradesh,23,Scarcity [500−1000 m3],Scarcity [500−1000 m3]
Alirajpur,465,Madhya Pradesh,23,No Stress [>1700 m3],No Stress [>1700 m3]
Anuppur,461,Madhya Pradesh,23,Scarcity [500−1000 m3],Scarcity [500−1000 m3]
AshokNagar,459,Madhya Pradesh,23,Scarcity [500−1000 m3],Scarcity [500−1000 m3]
Balaghat,457,Madhya Pradesh,23,Stress [1000−1700 m3],Stress [1000−1700 m3]
Barwani,441,Madhya Pradesh,23,No Stress [>1700 m3],No Stress [>1700 m3]
Betul,447,Madhya Pradesh,23,Stress [1000−1700 m3],Scarcity [500−1000 m3]
Bhind,420,Madhya Pradesh,23,Scarcity [500−1000 m3],Scarcity [500−1000 m3]
Bhopal,444,Madhya Pradesh,23,Scarcity [500−1000 m3],Scarcity [500−1000 m3]
Burhanpur,467,Madhya Pradesh,23,Stress [1000−1700 m3],Scarcity [500−1000 m3]
Chhatarpur,425,Madhya Pradesh,23,Scarcity [500−1000 m3],Scarcity [500−1000 m3]
Chhindwara,455,Madhya Pradesh,23,Stress [1000−1700 m3],Stress [1000−1700 m3]
Damoh,428,Madhya Pradesh,23,No Stress [>1700 m3],No Stress [>1700 m3]
Datia,422,Madhya Pradesh,23,Scarcity [500−1000 m3],Scarcity [500−1000 m3]
Dewas,437,Madhya Pradesh,23,No Stress [>1700 m3],No Stress [>1700 m3]
Dhar,438,Madhya Pradesh,23,No Stress [>1700 m3],No Stress [>1700 m3]
Dindori,453,Madhya Pradesh,23,No Stress [>1700 m3],No Stress [>1700 m3]
Guna,458,Madhya Pradesh,23,Scarcity [500−1000 m3],Scarcity [500−1000 m3]
Gwalior,421,Madhya Pradesh,23,Scarcity [500−1000 m3],Scarcity [500−1000 m3]
Harda,448,Madhya Pradesh,23,No Stress [>1700 m3],No Stress [>1700 m3]
Hoshangabad,449,Madhya Pradesh,23,No Stress [>1700 m3],No Stress [>1700 m3]
Indore,439,Madhya Pradesh,23,Scarcity [500−1000 m3],Scarcity [500−1000 m3]
Jabalpur,451,Madhya Pradesh,23,No Stress [>1700 m3],No Stress [>1700 m3]
Jhabua,464,Madhya Pradesh,23,Scarcity [500−1000 m3],Scarcity [500−1000 m3]
Katni,450,Madhya Pradesh,23,Scarcity [500−1000 m3],Scarcity [500−1000 m3]
Mandla,454,Madhya Pradesh,23,No Stress [>1700 m3],No Stress [>1700 m3]
Mandsaur,433,Madhya Pradesh,23,Scarcity [500−1000 m3],Scarcity [500−1000 m3]
Morena,419,Madhya Pradesh,23,Scarcity [500−1000 m3],Scarcity [500−1000 m3]
NARSIMHAPUR,452,Madhya Pradesh,23,No Stress [>1700 m3],No Stress [>1700 m3]
Neemuch,432,Madhya Pradesh,23,Scarcity [500−1000 m3],Scarcity [500−1000 m3]
Niwari,782,Madhya Pradesh,23,Scarcity [500−1000 m3],Scarcity [500−1000 m3]
Panna,426,Madhya Pradesh,23,Scarcity [500−1000 m3],Scarcity [500−1000 m3]
Raisen,446,Madhya Pradesh,23,No Stress [>1700 m3],No Stress [>1700 m3]
Rajgarh,442,Madhya Pradesh,23,Scarcity [500−1000 m3],Scarcity [500−1000 m3]
Ratlam,434,Madhya Pradesh,23,Scarcity [500−1000 m3],Scarcity [500−1000 m3]
Rewa,430,Madhya Pradesh,23,Scarcity [500−1000 m3],Scarcity [500−1000 m3]
Sagar,427,Madhya Pradesh,23,Scarcity [500−1000 m3],Scarcity [500−1000 m3]
Satna,429,Madhya Pradesh,23,Scarcity [500−1000 m3],Scarcity [500−1000 m3]
Sehore,445,Madhya Pradesh,23,No Stress [>1700 m3],No Stress [>1700 m3]
Seoni,456,Madhya Pradesh,23,Stress [1000−1700 m3],Stress [1000−1700 m3]
Shahdol,460,Madhya Pradesh,23,Scarcity [500−1000 m3],Scarcity [500−1000 m3]
Shajapur,436,Madhya Pradesh,23,Scarcity [500−1000 m3],Scarcity [500−1000 m3]
Sheopur,418,Madhya Pradesh,23,Scarcity [500−1000 m3],Scarcity [500−1000 m3]
Shivpuri,423,Madhya Pradesh,23,Scarcity [500−1000 m3],Scarcity [500−1000 m3]
Sidhi,462,Madhya Pradesh,23,Scarcity [500−1000 m3],Scarcity [500−1000 m3]
Singrauli,463,Madhya Pradesh,23,Scarcity [500−1000 m3],Scarcity [500−1000 m3]
Tikamgarh,424,Madhya Pradesh,23,Scarcity [500−1000 m3],Scarcity [500−1000 m3]
Ujjain,435,Madhya Pradesh,23,Scarcity [500−1000 m3],Scarcity [500−1000 m3]
Umaria,431,Madhya Pradesh,23,Scarcity [500−1000 m3],Scarcity [500−1000 m3]
Vidisha,443,Madhya Pradesh,23,Scarcity [500−1000 m3],Scarcity [500−1000 m3]
West Nimar,440,Madhya Pradesh,23,Scarcity [500−1000 m3],Scarcity [500−1000 m3]
East Nimar,466,Madhya Pradesh,23,Scarcity [500−1000 m3],Scarcity [500−1000 m3]
AHMADNAGAR,522,Maharashtra,27,Stress [1000−1700 m3],Stress [1000−1700 m3]
Akola,501,Maharashtra,27,Stress [1000−1700 m3],Scarcity [500−1000 m3]
Amravati,503,Maharashtra,27,Stress [1000−1700 m3],Scarcity [500−1000 m3]
Aurangabad,515,Maharashtra,27,Stress [1000−1700 m3],Stress [1000−1700 m3]
Bid,523,Maharashtra,27,Stress [1000−1700 m3],Stress [1000−1700 m3]
Bhandara,506,Maharashtra,27,Stress [1000−1700 m3],Stress [1000−1700 m3]
Buldana,500,Maharashtra,27,Stress [1000−1700 m3],Scarcity [500−1000 m3]
Chandrapur,509,Maharashtra,27,Stress [1000−1700 m3],Stress [1000−1700 m3]
Dhule,498,Maharashtra,27,Stress [1000−1700 m3],Scarcity [500−1000 m3]
Gadchiroli,508,Maharashtra,27,Stress [1000−1700 m3],Stress [1000−1700 m3]
Gondiya,507,Maharashtra,27,Stress [1000−1700 m3],Stress [1000−1700 m3]
Hingoli,512,Maharashtra,27,Stress [1000−1700 m3],Stress [1000−1700 m3]
Jalgaon,499,Maharashtra,27,Stress [1000−1700 m3],Scarcity [500−1000 m3]
Jalna,514,Maharashtra,27,Stress [1000−1700 m3],Stress [1000−1700 m3]
Kolhapur,530,Maharashtra,27,Scarcity [500−1000 m3],Scarcity [500−1000 m3]
Latur,524,Maharashtra,27,Stress [1000−1700 m3],Stress [1000−1700 m3]
Mumbai,519,Maharashtra,27,Stress [1000−1700 m3],Stress [1000−1700 m3]
Mumbai Suburban,518,Maharashtra,27,Stress [1000−1700 m3],Stress [1000−1700 m3]
Nagpur,505,Maharashtra,27,Stress [1000−1700 m3],Stress [1000−1700 m3]
Nanded,511,Maharashtra,27,Stress [1000−1700 m3],Stress [1000−1700 m3]
Nandurbar,497,Maharashtra,27,Stress [1000−1700 m3],Scarcity [500−1000 m3]
Nashik,516,Maharashtra,27,Stress [1000−1700 m3],Stress [1000−1700 m3]
Osmanabad,525,Maharashtra,27,Scarcity [500−1000 m3],Scarcity [500−1000 m3]
Palghar,732,Maharashtra,27,No Stress [>1700 m3],No Stress [>1700 m3]
Parbhani,513,Maharashtra,27,Stress [1000−1700 m3],Stress [1000−1700 m3]
Pune,521,Maharashtra,27,Scarcity [500−1000 m3],Scarcity [500−1000 m3]
Raigarh,520,Maharashtra,27,No Stress [>1700 m3],No Stress [>1700 m3]
Ratnagiri,528,Maharashtra,27,No Stress [>1700 m3],No Stress [>1700 m3]
Sangli,531,Maharashtra,27,Scarcity [500−1000 m3],Scarcity [500−1000 m3]
Satara,527,Maharashtra,27,Scarcity [500−1000 m3],Scarcity [500−1000 m3]
Sindhudurg,529,Maharashtra,27,No Stress [>1700 m3],No Stress [>1700 m3]
Solapur,526,Maharashtra,27,Scarcity [500−1000 m3],Scarcity [500−1000 m3]
Thane,517,Maharashtra,27,No Stress [>1700 m3],No Stress [>1700 m3]
Wardha,504,Maharashtra,27,Stress [1000−1700 m3],Stress [1000−1700 m3]
Washim,502,Maharashtra,27,Stress [1000−1700 m3],Stress [1000−1700 m3]
Yavatmal,510,Maharashtra,27,Stress [1000−1700 m3],Stress [1000−1700 m3]
Bishnupur,275,Manipur,14,No Stress [>1700 m3],No Stress [>1700 m3]
Kamjong,770,Manipur,14,No Stress [>1700 m3],No Stress [>1700 m3]
Kangpokpi,767,Manipur,14,No Stress [>1700 m3],No Stress [>1700 m3]
Noney,771,Manipur,14,No Stress [>1700 m3],No Stress [>1700 m3]
Tengnoupal,769,Manipur,14,No Stress [>1700 m3],No Stress [>1700 m3]
Kakching,768,Manipur,14,No Stress [>1700 m3],No Stress [>1700 m3]
Jiribam,766,Manipur,14,No Stress [>1700 m3],No Stress [>1700 m3]
Pherzawl,772,Manipur,14,No Stress [>1700 m3],No Stress [>1700 m3]
Chandel,280,Manipur,14,No Stress [>1700 m3],No Stress [>1700 m3]
Churachandpur,274,Manipur,14,No Stress [>1700 m3],No Stress [>1700 m3]
Imphal East,278,Manipur,14,No Stress [>1700 m3],No Stress [>1700 m3]
Imphal West,277,Manipur,14,No Stress [>1700 m3],No Stress [>1700 m3]
Senapati,272,Manipur,14,No Stress [>1700 m3],No Stress [>1700 m3]
Tamenglong,273,Manipur,14,No Stress [>1700 m3],No Stress [>1700 m3]
Thoubal,276,Manipur,14,No Stress [>1700 m3],No Stress [>1700 m3]
Ukhrul,279,Manipur,14,No Stress [>1700 m3],No Stress [>1700 m3]
East Garo Hills,294,Meghalaya,17,No Stress [>1700 m3],No Stress [>1700 m3]
EAST JAINTIA HILLS,714,Meghalaya,17,No Stress [>1700 m3],No Stress [>1700 m3]
East Khasi Hills,298,Meghalaya,17,No Stress [>1700 m3],No Stress [>1700 m3]
NORTH GARO HILLS,712,Meghalaya,17,No Stress [>1700 m3],No Stress [>1700 m3]
RIBHOI,297,Meghalaya,17,No Stress [>1700 m3],No Stress [>1700 m3]
South Garo Hills,295,Meghalaya,17,No Stress [>1700 m3],No Stress [>1700 m3]
SOUTH WEST GARO HILLS,711,Meghalaya,17,No Stress [>1700 m3],No Stress [>1700 m3]
South West Khasi Hills,713,Meghalaya,17,No Stress [>1700 m3],No Stress [>1700 m3]
West Garo Hills,293,Meghalaya,17,No Stress [>1700 m3],No Stress [>1700 m3]
West Jaintia Hills,299,Meghalaya,17,No Stress [>1700 m3],No Stress [>1700 m3]
West Khasi Hills,296,Meghalaya,17,No Stress [>1700 m3],No Stress [>1700 m3]
AIZAWAL,261,Mizoram,15,No Stress [>1700 m3],No Stress [>1700 m3]
Khawzawl,996,Mizoram,15,No Stress [>1700 m3],No Stress [>1700 m3]
Hnahthial,994,Mizoram,15,No Stress [>1700 m3],No Stress [>1700 m3]
Champhai,262,Mizoram,15,No Stress [>1700 m3],No Stress [>1700 m3]
Kolasib,263,Mizoram,15,No Stress [>1700 m3],No Stress [>1700 m3]
LAWNGTLAI,264,Mizoram,15,No Stress [>1700 m3],No Stress [>1700 m3]
Lunglei,265,Mizoram,15,No Stress [>1700 m3],No Stress [>1700 m3]
Mamit,266,Mizoram,15,No Stress [>1700 m3],No Stress [>1700 m3]
Saiha,267,Mizoram,15,No Stress [>1700 m3],No Stress [>1700 m3]
Serchhip,268,Mizoram,15,No Stress [>1700 m3],No Stress [>1700 m3]
Dimapur,265,Nagaland,13,No Stress [>1700 m3],No Stress [>1700 m3]
Kiphire,269,Nagaland,13,No Stress [>1700 m3],No Stress [>1700 m3]
Kohima,270,Nagaland,13,No Stress [>1700 m3],No Stress [>1700 m3]
Longleng,268,Nagaland,13,No Stress [>1700 m3],No Stress [>1700 m3]
Mokokchung,262,Nagaland,13,No Stress [>1700 m3],No Stress [>1700 m3]
Mon,261,Nagaland,13,No Stress [>1700 m3],No Stress [>1700 m3]
Peren,271,Nagaland,13,No Stress [>1700 m3],No Stress [>1700 m3]
Phek,266,Nagaland,13,No Stress [>1700 m3],No Stress [>1700 m3]
Tuensang,267,Nagaland,13,No Stress [>1700 m3],No Stress [>1700 m3]
Wokha,264,Nagaland,13,No Stress [>1700 m3],No Stress [>1700 m3]
Zunheboto,263,Nagaland,13,No Stress [>1700 m3],No Stress [>1700 m3]
ANUGUL,384,Odisha,21,No Stress [>1700 m3],No Stress [>1700 m3]
Balangir,393,Odisha,21,Stress [1000−1700 m3],Stress [1000−1700 m3]
Baleshwar,377,Odisha,21,Scarcity [500−1000 m3],Scarcity [500−1000 m3]
Bargarh,370,Odisha,21,Stress [1000−1700 m3],Stress [1000−1700 m3]
Bhadrak,378,Odisha,21,No Stress [>1700 m3],No Stress [>1700 m3]
BAUDH,391,Odisha,21,Stress [1000−1700 m3],Stress [1000−1700 m3]
Cuttack,381,Odisha,21,Stress [1000−1700 m3],Stress [1000−1700 m3]
DEBAGARH,373,Odisha,21,No Stress [>1700 m3],No Stress [>1700 m3]
Dhenkanal,383,Odisha,21,No Stress [>1700 m3],No Stress [>1700 m3]
Gajapati,389,Odisha,21,Scarcity [500−1000 m3],Scarcity [500−1000 m3]
Ganjam,388,Odisha,21,Scarcity [500−1000 m3],Scarcity [500−1000 m3]
Jagatsinghapur,380,Odisha,21,Stress [1000−1700 m3],Stress [1000−1700 m3]
Jajapur,382,Odisha,21,No Stress [>1700 m3],No Stress [>1700 m3]
Jharsuguda,371,Odisha,21,Stress [1000−1700 m3],Stress [1000−1700 m3]
Kalahandi,395,Odisha,21,Stress [1000−1700 m3],Stress [1000−1700 m3]
Kandhamal,390,Odisha,21,Stress [1000−1700 m3],Stress [1000−1700 m3]
Kendrapara,379,Odisha,21,No Stress [>1700 m3],No Stress [>1700 m3]
Kendujhar,375,Odisha,21,No Stress [>1700 m3],No Stress [>1700 m3]
Khordha,386,Odisha,21,Stress [1000−1700 m3],Stress [1000−1700 m3]
Koraput,398,Odisha,21,Stress [1000−1700 m3],Stress [1000−1700 m3]
Malkangiri,399,Odisha,21,Stress [1000−1700 m3],Stress [1000−1700 m3]
Mayurbhanj,376,Odisha,21,Scarcity [500−1000 m3],Scarcity [500−1000 m3]
Nabarangapur,397,Odisha,21,Stress [1000−1700 m3],Stress [1000−1700 m3]
Nayagarh,385,Odisha,21,Stress [1000−1700 m3],Stress [1000−1700 m3]
Nuapada,394,Odisha,21,Stress [1000−1700 m3],Stress [1000−1700 m3]
Puri,387,Odisha,21,Stress [1000−1700 m3],Stress [1000−1700 m3]
Rayagada,396,Odisha,21,Scarcity [500−1000 m3],Scarcity [500−1000 m3]
Sambalpur,372,Odisha,21,Stress [1000−1700 m3],Stress [1000−1700 m3]
Subarnapur,392,Odisha,21,Stress [1000−1700 m3],Stress [1000−1700 m3]
Sundargarh,374,Odisha,21,No Stress [>1700 m3],No Stress [>1700 m3]
Karaikal,637,Puducherry,34,Scarcity [500−1000 m3],Absolute scarcity [<500 m3]
Puducherry,635,Puducherry,34,Absolute scarcity [<500 m3],Absolute scarcity [<500 m3]
Yanam,634,Puducherry,34,Stress [1000−1700 m3],Stress [1000−1700 m3]
Amritsar,049,Punjab,03,Scarcity [500−1000 m3],Scarcity [500−1000 m3]
Barnala,054,Punjab,03,Scarcity [500−1000 m3],Scarcity [500−1000 m3]
Bathinda,046,Punjab,03,Scarcity [500−1000 m3],Scarcity [500−1000 m3]
Faridkot,045,Punjab,03,Scarcity [500−1000 m3],Scarcity [500−1000 m3]
Fatehgarh Sahib,040,Punjab,03,Scarcity [500−1000 m3],Scarcity [500−1000 m3]
Fazilka,701,Punjab,03,Scarcity [500−1000 m3],Scarcity [500−1000 m3]
FIROZPUR,043,Punjab,03,Scarcity [500−1000 m3],Scarcity [500−1000 m3]
Gurdaspur,035,Punjab,03,Scarcity [500−1000 m3],Scarcity [500−1000 m3]
Hoshiarpur,038,Punjab,03,Scarcity [500−1000 m3],Scarcity [500−1000 m3]
Jalandhar,037,Punjab,03,Scarcity [500−1000 m3],Scarcity [500−1000 m3]
Kapurthala,036,Punjab,03,Scarcity [500−1000 m3],Scarcity [500−1000 m3]
Ludhiana,041,Punjab,03,Scarcity [500−1000 m3],Scarcity [500−1000 m3]
Mansa,047,Punjab,03,Scarcity [500−1000 m3],Scarcity [500−1000 m3]
Moga,042,Punjab,03,Scarcity [500−1000 m3],Scarcity [500−1000 m3]
SRI MUKTSAR SAHIB,044,Punjab,03,Scarcity [500−1000 m3],Scarcity [500−1000 m3]
SHAHID BHAGAT SINGH NAGAR,039,Punjab,03,Scarcity [500−1000 m3],Scarcity [500−1000 m3]
Pathankot,773,Punjab,03,Scarcity [500−1000 m3],Scarcity [500−1000 m3]
Patiala,048,Punjab,03,Scarcity [500−1000 m3],Scarcity [500−1000 m3]
Rupnagar,051,Punjab,03,Scarcity [500−1000 m3],Scarcity [500−1000 m3]
Sangrur,053,Punjab,03,Scarcity [500−1000 m3],Scarcity [500−1000 m3]
S.A.S. NAGAR,052,Punjab,03,Scarcity [500−1000 m3],Scarcity [500−1000 m3]
Tarn Taran,050,Punjab,03,Scarcity [500−1000 m3],Scarcity [500−1000 m3]
Ajmer,119,Rajasthan,08,Scarcity [500−1000 m3],Scarcity [500−1000 m3]
Alwar,104,Rajasthan,08,Scarcity [500−1000 m3],Scarcity [500−1000 m3]
Banswara,125,Rajasthan,08,Scarcity [500−1000 m3],Scarcity [500−1000 m3]
Baran,128,Rajasthan,08,Scarcity [500−1000 m3],Scarcity [500−1000 m3]
Barmer,115,Rajasthan,08,Scarcity [500−1000 m3],Scarcity [500−1000 m3]
Bharatpur,105,Rajasthan,08,Scarcity [500−1000 m3],Scarcity [500−1000 m3]
Bhilwara,122,Rajasthan,08,Scarcity [500−1000 m3],Scarcity [500−1000 m3]
Bikaner,101,Rajasthan,08,Scarcity [500−1000 m3],Scarcity [500−1000 m3]
Bundi,121,Rajasthan,08,Scarcity [500−1000 m3],Scarcity [500−1000 m3]
CHITTAURGARH,126,Rajasthan,08,Scarcity [500−1000 m3],Scarcity [500−1000 m3]
Churu,102,Rajasthan,08,Scarcity [500−1000 m3],Scarcity [500−1000 m3]
Dausa,109,Rajasthan,08,Scarcity [500−1000 m3],Scarcity [500−1000 m3]
Dhaulpur,106,Rajasthan,08,Scarcity [500−1000 m3],Scarcity [500−1000 m3]
Dungarpur,124,Rajasthan,08,Scarcity [500−1000 m3],Scarcity [500−1000 m3]
Hanumangarh,100,Rajasthan,08,Scarcity [500−1000 m3],Scarcity [500−1000 m3]
Jaipur,110,Rajasthan,08,Scarcity [500−1000 m3],Scarcity [500−1000 m3]
Jaisalmer,114,Rajasthan,08,Scarcity [500−1000 m3],Scarcity [500−1000 m3]
JALOR,116,Rajasthan,08,Scarcity [500−1000 m3],Scarcity [500−1000 m3]
Jhalawar,129,Rajasthan,08,Scarcity [500−1000 m3],Scarcity [500−1000 m3]
Jhunjhunu,103,Rajasthan,08,Scarcity [500−1000 m3],Scarcity [500−1000 m3]
Jodhpur,113,Rajasthan,08,Scarcity [500−1000 m3],Scarcity [500−1000 m3]
Karauli,107,Rajasthan,08,Scarcity [500−1000 m3],Scarcity [500−1000 m3]
Kota,127,Rajasthan,08,Scarcity [500−1000 m3],Scarcity [500−1000 m3]
Nagaur,112,Rajasthan,08,Scarcity [500−1000 m3],Scarcity [500−1000 m3]
Pali,118,Rajasthan,08,Scarcity [500−1000 m3],Scarcity [500−1000 m3]
Pratapgarh,131,Rajasthan,08,Scarcity [500−1000 m3],Scarcity [500−1000 m3]
Rajsamand,123,Rajasthan,08,Scarcity [500−1000 m3],Scarcity [500−1000 m3]
Sawai Madhopur,108,Rajasthan,08,Scarcity [500−1000 m3],Scarcity [500−1000 m3]
Sikar,111,Rajasthan,08,Scarcity [500−1000 m3],Scarcity [500−1000 m3]
Sirohi,117,Rajasthan,08,Scarcity [500−1000 m3],Scarcity [500−1000 m3]
GANGANAGAR,099,Rajasthan,08,Scarcity [500−1000 m3],Scarcity [500−1000 m3]
Tonk,120,Rajasthan,08,Scarcity [500−1000 m3],Scarcity [500−1000 m3]
Udaipur,130,Rajasthan,08,Scarcity [500−1000 m3],Scarcity [500−1000 m3]
EAST DISTRICT,244,Sikkim,11,No Stress [>1700 m3],No Stress [>1700 m3]
NORTH  DISTRICT,241,Sikkim,11,No Stress [>1700 m3],No Stress [>1700 m3]
SOUTH DISTRICT,243,Sikkim,11,No Stress [>1700 m3],No Stress [>1700 m3]
WEST DISTRICT,242,Sikkim,11,No Stress [>1700 m3],No Stress [>1700 m3]
Ariyalur,616,Tamil Nadu,33,Scarcity [500−1000 m3],Absolute scarcity [<500 m3]
The Nilgiris,611,Tamil Nadu,33,Scarcity [500−1000 m3],Absolute scarcity [<500 m3]
Chengalpattu,0,Tamil Nadu,33,Scarcity [500−1000 m3],Absolute scarcity [<500 m3]
Chennai,603,Tamil Nadu,33,Absolute scarcity [<500 m3],Absolute scarcity [<500 m3]
Coimbatore,632,Tamil Nadu,33,No Stress [>1700 m3],No Stress [>1700 m3]
Cuddalore,617,Tamil Nadu,33,Absolute scarcity [<500 m3],Absolute scarcity [<500 m3]
Dharmapuri,630,Tamil Nadu,33,Scarcity [500−1000 m3],Absolute scarcity [<500 m3]
Dindigul,612,Tamil Nadu,33,Scarcity [500−1000 m3],Absolute scarcity [<500 m3]
Erode,610,Tamil Nadu,33,Scarcity [500−1000 m3],Absolute scarcity [<500 m3]
Kallakurichi,729,Tamil Nadu,33,Scarcity [500−1000 m3],Absolute scarcity [<500 m3]
Kancheepuram,604,Tamil Nadu,33,Absolute scarcity [<500 m3],Absolute scarcity [<500 m3]
KANNIYAKUMARI,629,Tamil Nadu,33,No Stress [>1700 m3],No Stress [>1700 m3]
Karur,613,Tamil Nadu,33,Scarcity [500−1000 m3],Absolute scarcity [<500 m3]
Krishnagiri,631,Tamil Nadu,33,Absolute scarcity [<500 m3],Absolute scarcity [<500 m3]
Madurai,623,Tamil Nadu,33,Absolute scarcity [<500 m3],Absolute scarcity [<500 m3]
Nagapattinam,618,Tamil Nadu,33,Scarcity [500−1000 m3],Absolute scarcity [<500 m3]
Namakkal,609,Tamil Nadu,33,Scarcity [500−1000 m3],Absolute scarcity [<500 m3]
Perambalur,615,Tamil Nadu,33,Absolute scarcity [<500 m3],Absolute scarcity [<500 m3]
Pudukkottai,621,Tamil Nadu,33,Absolute scarcity [<500 m3],Absolute scarcity [<500 m3]
Ramanathapuram,626,Tamil Nadu,33,Absolute scarcity [<500 m3],Absolute scarcity [<500 m3]
Ranipet,0,Tamil Nadu,33,Scarcity [500−1000 m3],Absolute scarcity [<500 m3]
Salem,608,Tamil Nadu,33,Scarcity [500−1000 m3],Absolute scarcity [<500 m3]
Sivaganga,622,Tamil Nadu,33,Absolute scarcity [<500 m3],Absolute scarcity [<500 m3]
Tenkasi,0,Tamil Nadu,33,Scarcity [500−1000 m3],Absolute scarcity [<500 m3]
Thanjavur,620,Tamil Nadu,33,Scarcity [500−1000 m3],Absolute scarcity [<500 m3]
Theni,624,Tamil Nadu,33,Absolute scarcity [<500 m3],Absolute scarcity [<500 m3]
THOOTHUKKUDI,627,Tamil Nadu,33,Absolute scarcity [<500 m3],Absolute scarcity [<500 m3]
Tiruchirappalli,614,Tamil Nadu,33,Scarcity [500−1000 m3],Absolute scarcity [<500 m3]
Tirunelveli,628,Tamil Nadu,33,Absolute scarcity [<500 m3],Absolute scarcity [<500 m3]
Tirupathur,0,Tamil Nadu,33,Scarcity [500−1000 m3],Absolute scarcity [<500 m3]
Tiruppur,633,Tamil Nadu,33,Scarcity [500−1000 m3],Absolute scarcity [<500 m3]
THIRUVALLUR,602,Tamil Nadu,33,Absolute scarcity [<500 m3],Absolute scarcity [<500 m3]
THIRUVARUR,606,Tamil Nadu,33,Absolute scarcity [<500 m3],Absolute scarcity [<500 m3]
THIRUVARUR,619,Tamil Nadu,33,Scarcity [500−1000 m3],Absolute scarcity [<500 m3]
Vellore,605,Tamil Nadu,33,Absolute scarcity [<500 m3],Absolute scarcity [<500 m3]
Viluppuram,607,Tamil Nadu,33,Absolute scarcity [<500 m3],Absolute scarcity [<500 m3]
Virudhunagar,625,Tamil Nadu,33,Absolute scarcity [<500 m3],Absolute scarcity [<500 m3]
Adilabad,532,Telangana,36,Stress [1000−1700 m3],Stress [1000−1700 m3]
Bhadradri Kothagudem,753,Telangana,36,Stress [1000−1700 m3],Stress [1000−1700 m3]
Hyderabad,536,Telangana,36,Scarcity [500−1000 m3],Scarcity [500−1000 m3]
JAGITIAL,737,Telangana,36,Stress [1000−1700 m3],Stress [1000−1700 m3]
JANGOAN,752,Telangana,36,Stress [1000−1700 m3],Stress [1000−1700 m3]
JAYASHANKAR,750,Telangana,36,Stress [1000−1700 m3],Stress [1000−1700 m3]
Jogulamba Gadwal,744,Telangana,36,Scarcity [500−1000 m3],Scarcity [500−1000 m3]
Kamareddy,736,Telangana,36,Stress [1000−1700 m3],Stress [1000−1700 m3]
Karimnagar,534,Telangana,36,Stress [1000−1700 m3],Stress [1000−1700 m3]
Khammam,541,Telangana,36,Stress [1000−1700 m3],Stress [1000−1700 m3]
KUMURAM BHEEM ASIFABAD,733,Telangana,36,Stress [1000−1700 m3],Stress [1000−1700 m3]
Mahabubabad,751,Telangana,36,Scarcity [500−1000 m3],Scarcity [500−1000 m3]
Mahabubnagar,538,Telangana,36,Scarcity [500−1000 m3],Scarcity [500−1000 m3]
Mancherial,735,Telangana,36,Stress [1000−1700 m3],Stress [1000−1700 m3]
Medak,535,Telangana,36,Stress [1000−1700 m3],Stress [1000−1700 m3]
MEDCHAL MALKAJGIRI,742,Telangana,36,Scarcity [500−1000 m3],Scarcity [500−1000 m3]
Mulugu,780,Telangana,36,Stress [1000−1700 m3],Stress [1000−1700 m3]
Nagarkurnool,746,Telangana,36,Scarcity [500−1000 m3],Scarcity [500−1000 m3]
Nalgonda,539,Telangana,36,Scarcity [500−1000 m3],Scarcity [500−1000 m3]
Narayanpet,781,Telangana,36,Scarcity [500−1000 m3],Scarcity [500−1000 m3]
Nirmal,734,Telangana,36,Stress [1000−1700 m3],Stress [1000−1700 m3]
Nizamabad,533,Telangana,36,Stress [1000−1700 m3],Stress [1000−1700 m3]
Peddapalli,738,Telangana,36,Stress [1000−1700 m3],Stress [1000−1700 m3]
Rajanna Sircilla,739,Telangana,36,Stress [1000−1700 m3],Stress [1000−1700 m3]
Ranga Reddy,537,Telangana,36,Scarcity [500−1000 m3],Scarcity [500−1000 m3]
Sangareddy,740,Telangana,36,Stress [1000−1700 m3],Stress [1000−1700 m3]
Siddipet,741,Telangana,36,Stress [1000−1700 m3],Stress [1000−1700 m3]
Suryapet,748,Telangana,36,Scarcity [500−1000 m3],Scarcity [500−1000 m3]
Vikarabad,743,Telangana,36,Scarcity [500−1000 m3],Scarcity [500−1000 m3]
Wanaparthy,745,Telangana,36,Scarcity [500−1000 m3],Scarcity [500−1000 m3]
Warangal Rural,749,Telangana,36,Stress [1000−1700 m3],Stress [1000−1700 m3]
Warangal Urban,540,Telangana,36,Stress [1000−1700 m3],Stress [1000−1700 m3]
YADADRI BHUVANAGIRI,747,Telangana,36,Scarcity [500−1000 m3],Scarcity [500−1000 m3]
Dhalai,291,Tripura,16,No Stress [>1700 m3],No Stress [>1700 m3]
Gomati,709,Tripura,16,No Stress [>1700 m3],No Stress [>1700 m3]
Khowai,708,Tripura,16,No Stress [>1700 m3],No Stress [>1700 m3]
North Tripura,292,Tripura,16,No Stress [>1700 m3],No Stress [>1700 m3]
Sipahijala,707,Tripura,16,No Stress [>1700 m3],No Stress [>1700 m3]
South Tripura,290,Tripura,16,No Stress [>1700 m3],No Stress [>1700 m3]
Unokoti,710,Tripura,16,No Stress [>1700 m3],No Stress [>1700 m3]
West Tripura,289,Tripura,16,No Stress [>1700 m3],No Stress [>1700 m3]
Agra,146,Uttar Pradesh,09,Scarcity [500−1000 m3],Scarcity [500−1000 m3]
Aligarh,143,Uttar Pradesh,09,Scarcity [500−1000 m3],Scarcity [500−1000 m3]
Praygraj,175,Uttar Pradesh,09,Scarcity [500−1000 m3],Scarcity [500−1000 m3]
Ambedkar Nagar,178,Uttar Pradesh,09,Scarcity [500−1000 m3],Scarcity [500−1000 m3]
Amethi,706,Uttar Pradesh,09,Scarcity [500−1000 m3],Scarcity [500−1000 m3]
Amroha,137,Uttar Pradesh,09,Scarcity [500−1000 m3],Scarcity [500−1000 m3]
Auraiya,162,Uttar Pradesh,09,Scarcity [500−1000 m3],Scarcity [500−1000 m3]
Azamgarh,191,Uttar Pradesh,09,Scarcity [500−1000 m3],Scarcity [500−1000 m3]
Baghpat,139,Uttar Pradesh,09,Scarcity [500−1000 m3],Scarcity [500−1000 m3]
Bahraich,180,Uttar Pradesh,09,Scarcity [500−1000 m3],Scarcity [500−1000 m3]
Ballia,193,Uttar Pradesh,09,Scarcity [500−1000 m3],Scarcity [500−1000 m3]
Balrampur,182,Uttar Pradesh,09,Scarcity [500−1000 m3],Scarcity [500−1000 m3]
Banda,170,Uttar Pradesh,09,Scarcity [500−1000 m3],Scarcity [500−1000 m3]
Bara banki,176,Uttar Pradesh,09,Scarcity [500−1000 m3],Scarcity [500−1000 m3]
Bareilly,150,Uttar Pradesh,09,Scarcity [500−1000 m3],Scarcity [500−1000 m3]
Basti,185,Uttar Pradesh,09,Scarcity [500−1000 m3],Scarcity [500−1000 m3]
Bhadohi,198,Uttar Pradesh,09,Scarcity [500−1000 m3],Scarcity [500−1000 m3]
Bijnor,134,Uttar Pradesh,09,Scarcity [500−1000 m3],Scarcity [500−1000 m3]
Budaun,149,Uttar Pradesh,09,Scarcity [500−1000 m3],Scarcity [500−1000 m3]
Bulandshahr,142,Uttar Pradesh,09,Scarcity [500−1000 m3],Scarcity [500−1000 m3]
Chandauli,196,Uttar Pradesh,09,Scarcity [500−1000 m3],Scarcity [500−1000 m3]
Chitrakoot,171,Uttar Pradesh,09,Scarcity [500−1000 m3],Scarcity [500−1000 m3]
Deoria,190,Uttar Pradesh,09,Scarcity [500−1000 m3],Scarcity [500−1000 m3]
Etah,201,Uttar Pradesh,09,Scarcity [500−1000 m3],Scarcity [500−1000 m3]
Etawah,161,Uttar Pradesh,09,Scarcity [500−1000 m3],Scarcity [500−1000 m3]
Faizabad,177,Uttar Pradesh,09,Scarcity [500−1000 m3],Scarcity [500−1000 m3]
Farrukhabad,159,Uttar Pradesh,09,Scarcity [500−1000 m3],Scarcity [500−1000 m3]
Fatehpur,172,Uttar Pradesh,09,Scarcity [500−1000 m3],Scarcity [500−1000 m3]
Firozabad,147,Uttar Pradesh,09,Scarcity [500−1000 m3],Scarcity [500−1000 m3]
Gautam Buddha Nagar,141,Uttar Pradesh,09,Scarcity [500−1000 m3],Scarcity [500−1000 m3]
Ghaziabad,140,Uttar Pradesh,09,Scarcity [500−1000 m3],Scarcity [500−1000 m3]
Ghazipur,195,Uttar Pradesh,09,Scarcity [500−1000 m3],Scarcity [500−1000 m3]
Gonda,183,Uttar Pradesh,09,Scarcity [500−1000 m3],Scarcity [500−1000 m3]
Gorakhpur,188,Uttar Pradesh,09,Scarcity [500−1000 m3],Scarcity [500−1000 m3]
Hamirpur,168,Uttar Pradesh,09,Scarcity [500−1000 m3],Scarcity [500−1000 m3]
Hapur,705,Uttar Pradesh,09,Scarcity [500−1000 m3],Scarcity [500−1000 m3]
Hardoi,155,Uttar Pradesh,09,Scarcity [500−1000 m3],Scarcity [500−1000 m3]
Hathras,144,Uttar Pradesh,09,Scarcity [500−1000 m3],Scarcity [500−1000 m3]
Jalaun,165,Uttar Pradesh,09,Scarcity [500−1000 m3],Scarcity [500−1000 m3]
Jaunpur,194,Uttar Pradesh,09,Scarcity [500−1000 m3],Scarcity [500−1000 m3]
Jhansi,166,Uttar Pradesh,09,Scarcity [500−1000 m3],Scarcity [500−1000 m3]
Kannauj,160,Uttar Pradesh,09,Scarcity [500−1000 m3],Scarcity [500−1000 m3]
Kanpur Dehat,163,Uttar Pradesh,09,Scarcity [500−1000 m3],Scarcity [500−1000 m3]
Kanpur Nagar,164,Uttar Pradesh,09,Scarcity [500−1000 m3],Scarcity [500−1000 m3]
Kasganj,202,Uttar Pradesh,09,Scarcity [500−1000 m3],Scarcity [500−1000 m3]
Kaushambi,174,Uttar Pradesh,09,Scarcity [500−1000 m3],Scarcity [500−1000 m3]
Kushinagar,189,Uttar Pradesh,09,Scarcity [500−1000 m3],Scarcity [500−1000 m3]
Kheri,153,Uttar Pradesh,09,Scarcity [500−1000 m3],Scarcity [500−1000 m3]
Lalitpur,167,Uttar Pradesh,09,Scarcity [500−1000 m3],Scarcity [500−1000 m3]
Lucknow,157,Uttar Pradesh,09,Scarcity [500−1000 m3],Scarcity [500−1000 m3]
MAHRAJGANJ,187,Uttar Pradesh,09,Scarcity [500−1000 m3],Scarcity [500−1000 m3]
Mahoba,169,Uttar Pradesh,09,Scarcity [500−1000 m3],Scarcity [500−1000 m3]
Mainpuri,148,Uttar Pradesh,09,Scarcity [500−1000 m3],Scarcity [500−1000 m3]
Mathura,145,Uttar Pradesh,09,Scarcity [500−1000 m3],Scarcity [500−1000 m3]
Mau,192,Uttar Pradesh,09,Scarcity [500−1000 m3],Scarcity [500−1000 m3]
Meerut,138,Uttar Pradesh,09,Scarcity [500−1000 m3],Scarcity [500−1000 m3]
Mirzapur,199,Uttar Pradesh,09,Scarcity [500−1000 m3],Scarcity [500−1000 m3]
Moradabad,135,Uttar Pradesh,09,Scarcity [500−1000 m3],Scarcity [500−1000 m3]
Muzaffarnagar,133,Uttar Pradesh,09,Scarcity [500−1000 m3],Scarcity [500−1000 m3]
Pilibhit,151,Uttar Pradesh,09,Scarcity [500−1000 m3],Scarcity [500−1000 m3]
Pratapgarh,173,Uttar Pradesh,09,Scarcity [500−1000 m3],Scarcity [500−1000 m3]
Rae Bareli,158,Uttar Pradesh,09,Scarcity [500−1000 m3],Scarcity [500−1000 m3]
Rampur,136,Uttar Pradesh,09,Scarcity [500−1000 m3],Scarcity [500−1000 m3]
Saharanpur,132,Uttar Pradesh,09,Scarcity [500−1000 m3],Scarcity [500−1000 m3]
Sambhal,754,Uttar Pradesh,09,Scarcity [500−1000 m3],Scarcity [500−1000 m3]
Sant Kabir Nagar,186,Uttar Pradesh,09,Scarcity [500−1000 m3],Scarcity [500−1000 m3]
Shahjahanpur,152,Uttar Pradesh,09,Scarcity [500−1000 m3],Scarcity [500−1000 m3]
Shamli,704,Uttar Pradesh,09,Scarcity [500−1000 m3],Scarcity [500−1000 m3]
SHRAWASTI,181,Uttar Pradesh,09,Scarcity [500−1000 m3],Scarcity [500−1000 m3]
SiddharthNagar,184,Uttar Pradesh,09,Scarcity [500−1000 m3],Scarcity [500−1000 m3]
Sitapur,154,Uttar Pradesh,09,Scarcity [500−1000 m3],Scarcity [500−1000 m3]
Sonbhadra,200,Uttar Pradesh,09,Scarcity [500−1000 m3],Scarcity [500−1000 m3]
Sultanpur,179,Uttar Pradesh,09,Scarcity [500−1000 m3],Scarcity [500−1000 m3]
Unnao,156,Uttar Pradesh,09,Scarcity [500−1000 m3],Scarcity [500−1000 m3]
Varanasi,197,Uttar Pradesh,09,Scarcity [500−1000 m3],Scarcity [500−1000 m3]
Almora,064,Uttarakhand,05,Scarcity [500−1000 m3],Scarcity [500−1000 m3]
Bageshwar,063,Uttarakhand,05,Scarcity [500−1000 m3],Scarcity [500−1000 m3]
Chamoli,057,Uttarakhand,05,Scarcity [500−1000 m3],Scarcity [500−1000 m3]
Champawat,065,Uttarakhand,05,Scarcity [500−1000 m3],Scarcity [500−1000 m3]
Dehradun,060,Uttarakhand,05,Scarcity [500−1000 m3],Scarcity [500−1000 m3]
Haridwar,068,Uttarakhand,05,Scarcity [500−1000 m3],Scarcity [500−1000 m3]
Nainital,066,Uttarakhand,05,Scarcity [500−1000 m3],Scarcity [500−1000 m3]
Pauri Garhwal,061,Uttarakhand,05,Scarcity [500−1000 m3],Scarcity [500−1000 m3]
Pithoragarh,062,Uttarakhand,05,Scarcity [500−1000 m3],Scarcity [500−1000 m3]
Rudraprayag,058,Uttarakhand,05,Scarcity [500−1000 m3],Scarcity [500−1000 m3]
Tehri Garhwal,059,Uttarakhand,05,Scarcity [500−1000 m3],Scarcity [500−1000 m3]
Udham Singh Nagar,067,Uttarakhand,05,Scarcity [500−1000 m3],Scarcity [500−1000 m3]
Uttarkashi,056,Uttarakhand,05,Scarcity [500−1000 m3],Scarcity [500−1000 m3]
Alipurduar,774,West Bengal,19,No Stress [>1700 m3],No Stress [>1700 m3]
Bankura,339,West Bengal,19,Scarcity [500−1000 m3],Scarcity [500−1000 m3]
Birbhum,334,West Bengal,19,Scarcity [500−1000 m3],Scarcity [500−1000 m3]
Cooch Behar,329,West Bengal,19,No Stress [>1700 m3],No Stress [>1700 m3]
Dakshin Dinajpur,331,West Bengal,19,Scarcity [500−1000 m3],Scarcity [500−1000 m3]
Darjeeling,327,West Bengal,19,Scarcity [500−1000 m3],Scarcity [500−1000 m3]
Hooghly,338,West Bengal,19,Scarcity [500−1000 m3],Scarcity [500−1000 m3]
Howrah,341,West Bengal,19,Scarcity [500−1000 m3],Scarcity [500−1000 m3]
Jalpaiguri,328,West Bengal,19,Scarcity [500−1000 m3],Scarcity [500−1000 m3]
Jhargram,776,West Bengal,19,Scarcity [500−1000 m3],Scarcity [500−1000 m3]
Kalimpong,775,West Bengal,19,No Stress [>1700 m3],No Stress [>1700 m3]
Kolkata,342,West Bengal,19,Scarcity [500−1000 m3],Scarcity [500−1000 m3]
MaldaH,332,West Bengal,19,Scarcity [500−1000 m3],Scarcity [500−1000 m3]
Murshidabad,333,West Bengal,19,Scarcity [500−1000 m3],Scarcity [500−1000 m3]
Nadia,336,West Bengal,19,Scarcity [500−1000 m3],Scarcity [500−1000 m3]
North 24 Parganas,337,West Bengal,19,Scarcity [500−1000 m3],Scarcity [500−1000 m3]
Paschim Bardhaman,777,West Bengal,19,Scarcity [500−1000 m3],Scarcity [500−1000 m3]
MEDINIPUR WEST,344,West Bengal,19,Scarcity [500−1000 m3],Scarcity [500−1000 m3]
Purba Bardhaman,335,West Bengal,19,Scarcity [500−1000 m3],Scarcity [500−1000 m3]
MEDINIPUR EAST,345,West Bengal,19,Scarcity [500−1000 m3],Scarcity [500−1000 m3]
Purulia,340,West Bengal,19,Scarcity [500−1000 m3],Scarcity [500−1000 m3]
South 24 Parganas,343,West Bengal,19,Scarcity [500−1000 m3],Scarcity [500−1000 m3]
Uttar Dinajpur,330,West Bengal,19,Scarcity [500−1000 m3],Scarcity [500−1000 m3]